用户昵称,性别,评论内容,被回复用户,评论层级,用户当前等级,点赞数量,回复时间
低能青年,保密,我的数学水平注定我无论考上哪个大学都是宋老师的云学生..,,一级评论,6,105649,2019/12/7 13:23
桃子君kk,女,看了好一会发现是我们学校的老师哎！,,一级评论,6,68093,2020/10/6 22:22
虚舟栖,女,后来，我们还是上了同一所大学[doge],,一级评论,3,58671,2021/1/17 16:20
Ke-Yu,保密,终于知道宋浩为什么叫老鼠了，因为同学们见到他都要叫秒啊秒啊[tv_doge],,一级评论,5,48604,2020/9/6 23:40
响指xz_z,保密,[tv_腼腆]我太贪心了。。。就想着小浩浩把什么Java课 C语言课 离散课 运筹课 数据库课啥的  都给俺们讲讲[tv_doge],,一级评论,5,35857,2020/5/16 14:40
喵了个mua,女,还是学习区的氛围好，前一个弹幕提问后一个弹幕回答,,一级评论,6,18477,2020/3/6 20:08
Daisy_Alice,保密,突然发现我不用遗憾没早遇到宋老师了，早遇到也没用啊……老师还没录和上传视频呢,,一级评论,6,21045,2019/8/30 1:22
Daisy_Alice,保密,"老师超好！快点爆火吧！看到老师有出概率论的视频，下学期概率论就拜托老师了！
早一年遇上老师，我可能高数就不会挂科了。我也是财经类高校的学生，觉得我们数学老师，真的是把简单的讲复杂，看着就不想学，就觉得很难学，和宋老师完全不一样，宋老师把难的讲简单，我才能学下去啊(=?ω?=)",,一级评论,6,18551,2019/8/30 1:03
fatzero_,女,他是哪个学校的老师啊？,,一级评论,3,6962,2020/7/24 16:28
阿雅酱点解,保密,我忽然发现，我只习惯宋老师二倍速的声线[画风突变],,一级评论,6,15400,2019/4/13 19:20
大丰梁,男,感谢宋老师 你讲课我学习很快 我今年45岁了 为了编程 来补课的 谢谢老师！[鼓掌][鼓掌][鼓掌][鼓掌],,一级评论,3,4273,2021/2/18 0:21
有感觉的女生,女,宋浩老师就是我的微积分救命恩人 （学线性代数的时候没有发现宋浩老师）我微积分两本书基本上都是在这里学的  老师讲的真的非常好！,,一级评论,6,5131,2019/5/23 21:55
CRAZYCHIBRO,保密,高数下期末85，综合92，差三分满绩。谢谢宋老师，幽默帅气讲课好[热词系列_吹爆]。刷宋老师视频+记笔记+猴博士+刷期末真题。真的i了宋老师[热词系列_三连]大家多多一键三连啊！宋老师值得！！,,一级评论,5,4057,2020/8/29 9:11
hperry,保密,宋老师，有人冒充你！！！[滑稽],,一级评论,6,2688,2019/4/29 20:30
寞名人,女,宋浩老师有工作室了耶(｀?ω?′),,一级评论,5,3305,2019/4/11 21:17
Ru3129,保密,"函数的连续性以上
连续的的几何含义，没有断点
可导
一些三角函数公式
间断点
与连续的三个特点相反

间断点的分类
第一类，左右极限都存在，可去（直线去一...",,一级评论,5,6442,2022/11/7 15:32
C--Pandora,男,高数期末满分前来还原[给心心],,一级评论,5,2176,2023/3/20 19:51
纸短情长梦夜多,保密,[doge][doge][doge],,一级评论,5,940,2023/11/9 20:05
润华GrainBuds,男,"高等数学期末必看笔记（大一上）
一.函数与极限
1.单调单射函数必有反函数，且单调性相同
（了解）
02:32 1.

2.有界与无界
f(x)=xcos...",,一级评论,5,1086,2022/12/15 23:58
丨把十手,男,我发布了一篇笔记，快来看看吧~,,一级评论,6,246,2022/12/9 16:05
云风晓,男,"1.1-3.5（2024年11月10日）
1.1映射
1.1 函数



1.1 函数的几种特性

1.1 反函数 复合函数 初等函数


1.2 数列极...",,一级评论,4,212,2024/7/30 9:53
帅气退场,女,用我前任十年单身换在座的各位高数考过[OK],,一级评论,5,9817,2021/10/12 0:58
洋洋然i,女,洛必达只是图一乐，真求极限还得看拼多多砍价 笑死我了这个弹幕,,一级评论,5,3196,2022/9/28 11:06
兔子精_philomena,保密,终于找到了板书清晰，说话清楚，讲课生动的数学视频了[笑哭],,一级评论,6,5528,2019/11/30 22:09
火锅爆炸了,男,一己之力，干掉众多双一流高校的数学教授??,,一级评论,6,18665,2020/2/15 17:37
绿川由依,男,老师！！还有一个月考试！！！！您快更新鸭！！！！！！！！！（发出了救命的声音,,一级评论,6,4977,2019/5/12 22:38
月上泛云雾,女,用我单身换在座各位高数必过[doge],,一级评论,6,2262,2021/7/1 23:08
等噔灯灯,保密,这是一个神奇的视频，无论是早上，中午亦或是深夜，每当我打开，总会发现数十甚至数百个小伙伴跟我一起奋斗。我相信在在座诸位和未在座诸位的努力下，照这个趋势发展下去，预计它将会成为B站累计播放量最大的视频之一，与有荣焉[妙啊][妙啊],,一级评论,5,1735,2022/3/29 23:32
睡不醒zqw,男,"看视频时[喜欢][哦呼][星星眼][OK][调皮][大笑]
做题时[微笑][微笑][微笑][微笑][微笑][微笑][微笑]",,一级评论,6,2148,2020/11/23 22:57
水雾缭-云青山,保密,"怎么说了听宋老师讲课。明显感觉到什么阶层的学生都有，有大专的，有二本的，有一本的，有重本的。有专升本的，有考研的。这就是互联网所给我们带来的包容性，广泛性。完美的体现了出来。而且还有正在看人数，我看的时候人数最少都有500人，有时看不下去，想到还有很多人都在听课，都跟加有动力看下去。且基本上每秒钟都有弹幕，上课无聊时还看弹幕，甚至还被逗笑。感觉枯燥无味的高数顿时有趣。
至于我注意到弹幕有人所说学历链问题，我认为这不应该有所顾忌。首先不管我们是什么学历，大家都是学生，来这里听课。学习是首要目的，学习到知识最为重要。
且有些人确实听一些比较难的问题，听一篇就懂。有些人，比如我全神贯注的听第一篇都是云里雾里。听完一节课可能要2个小时，大量的重复听，和思考。
第二很多人都能坚持听完一节课，甚至连续听两节课。而有些人（如我）两天打渔三天晒网，甚至一节课听到一半就不想听了。
但知识不去看不可能平白无故的出现在你的脑海中，只有花费跟多的时间去学习。才能变成自己的，达成自己想达到的目的。
所以大家都在里面好好听课，把自己当成学生看待好啦。来只一个想专升本的咸鱼心里话",,一级评论,5,1716,2021/12/9 21:19
杏仁酥心糖丶,保密,高数及格全靠宋老师了[滑稽]，顺便问一下老师会不会录离散数学的课呢？,,一级评论,5,1923,2019/7/25 16:33
带我装比带我飞,保密,宋浩为了变帅居然去植发了[喜欢],,一级评论,6,2375,2019/4/26 17:05
励志成为文艺青年,保密,"1 Α α alpha a:lf 阿尔法 角度；系数
2 Β β beta bet 贝塔 磁通系数；角度；系数
3 Γ γ gamma ga:m 伽马 电导系数（小写）
4 Δ δ delta delt 德尔塔 变动；密度；屈光度
5 Ε ε epsilon ep`silon 伊普西龙 对数之基数
6 Ζ ζ zeta zat 截塔 系数；方位角；阻抗；相对粘度；原子序数
7 Η η eta eit 艾塔 磁滞系数；效率（小写）
8 Θ θ thet θit 西塔 温度；相位角
9 Ι ι iot aiot 约塔 微小，一点儿
10 Κ κ kappa kap 卡帕 介质常数
11 ∧ λ lambda lambd 兰布达波长（小写）；体积
12 Μ μ mu mju 缪 磁导系数；微（千分之一）；放大因数（小写）
13 Ν ν nu nju 纽 磁阻系数
14 Ξ ξ xi ksi 克西
15 Ο ο omicron omik`ron 奥密克戎
16 ∏ π pi pai 派 圆周率=圆周÷直径=3.1416
17 Ρ ρ rho rou 肉 电阻系数（小写）
18 ∑ σ sigma `sigma 西格马 总和（大写），表面密度；跨导（小写）
19 Τ τ tau tau 套 时间常数
20 Υ υ upsilon jup`silon 宇普西龙 位移
21 Φ φ phi fai 佛爱 磁通；角
22 Χ χ chi phai 西
23 Ψ ψ psi psai 普西 角速；介质电通量（静电力线）；角
24 Ω ω omega o`miga 欧米伽 欧姆（大写）；角速（小写）；角",,一级评论,4,948,2021/8/13 15:55
长江虾蟆,保密,[微笑]耗时两个月终于把高数学完了。每天大概学习十一小时，其中九小时是高数，双末流211学生，脑子比较笨，一个极限的定义理解就花了一个半月，最后还是靠着数学分析的推导过程搞清楚的，而积分本质上是一种极限的累加求和是在学完曲线积分之后，又返回来理解一重积分才彻底搞清楚的，宋老师的课程对我来说是预习，宋老师三小时的课，我后续照着同济的高数课本跟着思路走要花六小时，还不一定彻底搞清楚，后续又要花大量时间去做题理解，整个过程劳累但是有收获。真正从思想上脱离了初等数学，感觉开始对高等数学有一些入门了[微笑][微笑][微笑],,一级评论,5,1400,2021/2/24 13:05
禁止抬扛,保密,老师为什么没有9-5～9-6两节课[大哭],,一级评论,6,1276,2019/5/17 10:33
horn233,保密,每到这个月份  宋老师的视频播放量都会大大增长[doge-圣诞],,一级评论,5,1280,2020/12/20 13:44
嘬一口再嘬一口,保密,谢谢老师 高数99[脸红],,一级评论,5,1486,2022/1/20 3:17
为了利姆鲁大人,男,期中高数我只考了11分，嗯，是时候开始学学了[画风突变],,一级评论,5,1124,2019/12/2 15:04
莫星辰a,男,今天上高数课吃了罗志祥的瓜.....结果·就来到这了[笑],,一级评论,6,1688,2020/4/23 20:06
七喜喝前摇一摇嘿-,女,今天高数出成绩了，84分[大哭]大一的时候挂科，补考没过，大二重修也没过，章节内容一年学得比一年多，每次想起高数都特别痛苦，压力巨大，而且本人是数学一直都不怎么好的那种人，高考也给数学拉分了，我们大一和大三是跨校区的，没办法去教室上课，只能自学，这个学期我妹给我推荐了宋浩老师，宋浩老师真的太厉害了，讲得太好了，基本上一听就能懂[大哭]慢慢学努力学，努力真的会有收获的哇[大哭]如果有跟我一样的朋友千万不要害怕，一步一步脚踏实地一定会过的！感谢宋浩老师！[tv_点赞],,一级评论,6,686,2021/1/21 18:51
宋浩老师官方,男,《高等数学（微积分）》上册，期末总复习视频，主讲：宋浩老师，地址：https://zbj.xet.tech/s/xqHPy，【高等数学讲义（上册）】，京东：https://item.jd.com/10059367672671.html,,一级评论,6,17013,2022/12/25 16:32
EIF最lovely,女,高考完的暑假怎么可以闲着[脱单doge],,一级评论,3,850,2022/7/11 7:44
为不挂科来B站,男,上半年我经历了周考、月考、摸底考、一模、二模、三模、调研考试、衡水金卷、三轮复习考、高考，对于考试我也算是久经沙场了，如今被一个大一期末考吓成了狗……,,一级评论,3,527,2022/11/21 11:14
randomsight,保密,高考考完，网上一搜，买了同济版的高等数学，到货了就趴床上看，这一看我的眉头是一拧一松，一拧一松，然后就是一拧到底了。。。。。,,一级评论,6,962,2020/9/14 22:02
宝荣大厦,保密,"啊，老师，九-5,九-6有吗",,一级评论,5,442,2019/5/19 0:23
永远的七七单推人,男,我开弹幕是为了看大佬补充和指挥部的，不是为了知道你们来自哪还有几天考试以及现在是什么时候的。[微笑],,一级评论,6,3432,2021/7/3 16:11
陈老师Vera,女,跟着宋老师的视频学完了微积分，线性代数，概率论与数理统计（未更新完）这三门课，又来学第四本书高等数学上册，来自想考高中数学教师资格证的在职英语老师的致谢！,,一级评论,4,427,2020/3/1 21:26
宋浩老师官方,男,5月31日晚20:00~： https://b23.tv/mall-4VTiO-13ECqCDmIam （颜色随机） 。下单备注：“学业有成”，限量80张，先到先得。      【高等数学讲义上册】 宋浩主编，JD：https://item.jd.com/10059367672671.html,,一级评论,6,2338,2024/6/13 23:36
扶荔宫令壁与天地无极,保密,你也在晚自习自学高数啊[吃瓜],,一级评论,6,307,2021/9/27 20:11
sooongooi,保密,我们老师讲的也特别好，每次上课都是满满一黑板的笔记，都要求我们一一记下来，偶尔还会检查我们的笔记情况。大三了要考研了，就来看sh老师的视频，我拿着我大一记的笔记，sh老师讲的所有内容，笔记本上都记得清清楚楚的，sh老师讲的例题我的本上也记得全部都有。当初觉得高数老师上课好无聊就一直讲讲讲，现在觉得我的老师很负责讲的很好很好。,,一级评论,4,258,2020/11/22 9:54
就爱你的声音,保密,我发布了一篇笔记，快来看看吧~,,一级评论,6,49,2022/12/29 20:55
Crefted,保密,"P86   曲面及其方程
03:36 讲解下图为什么是这样
绕哪个轴转哪个轴就不动
∴答案为↓
 
例子1
24:57 讲解
 
例子2

P88   柱...",,一级评论,6,103,2023/5/9 11:28
八月宝儿,保密,我一定要考上厦门大学的研究生,,一级评论,5,241,2020/9/26 16:51
厨子喜欢抬头,保密,舍友都在谈恋爱，那么就是现在[脱单doge][脱单doge][脱单doge],,一级评论,3,785,2022/12/19 20:43
Last_Dance,保密,有理函数的积分在哪呢老师[大哭],,一级评论,6,269,2019/12/11 19:08
地球村的村民,女,“别再往下滑了，不是还有要做的事吗？”,,一级评论,6,4263,2022/1/4 20:19
卡戎-BARCA,男,大家放心，我用前任二十年单身换大家高数必过[嗑瓜子],,一级评论,4,474,2023/3/2 0:35
化木兰,男,在此，我向每一位世界杯期间依然能静下心来认真学习的每一位同学们致敬,,一级评论,5,522,2022/11/21 0:38
桜ばしずみ,女,同学已睡，此刻正是良机[脱单doge],,一级评论,5,432,2022/12/11 0:49
人生即是虚妄,保密,"别人的520，521:约会，送礼，手牵手，谈情说爱
我的520，521：高数，英语，c语言，网页设计[doge]",,一级评论,6,509,2022/5/22 15:40
御绫军高坂桐乃,保密,"高数，宋浩，汤家凤老师
四大化学，李静红，李艳梅，朱文涛，宋天佑老师
大物，东北大学耿平老师
英语，烤鸭TV张纷纷老师
法学，罗翔，柏浪涛老师
我们都就读于中国哔哩哔哩理工大学[藏狐]",,一级评论,5,1277,2022/10/25 7:16
萤石眼之歌-VIVY,保密,上课睡觉，下课宋浩,,一级评论,6,333,2022/11/7 20:12
宋浩老师官方,男,5月31日晚20:00~： https://b23.tv/mall-4VTiO-13ECqCDmIam （颜色随机） 。下单备注：“学业有成”，限量80张，先到先得。,,一级评论,6,515,2024/5/31 7:11
cnikyfmnov,保密,钱交给大学，学在b站上学,,一级评论,3,79,2021/11/26 20:38
账号已注销,保密,"大一报道
完成成就：在B站读大学",,一级评论,0,39667,2019/12/18 13:09
阿米尔杰,男,其实，大家也没必要diss自己学校高数老师，他们课时受限，也没办法。我们学校高数老师，一个60多岁的老师，平常上课根本不敢慢下来，怕课时不够，又还要弄测试。到最后一节课，一边大复习，一边给我们讲段子。那节课真的特有意思，老师在最后也说了一句话，“同学们，其实我也会讲段子”在那一节课，我有点感动，有点理解老师了。不过，有一说一，宋老师讲课帮帮哒,,一级评论,5,63105,2020/6/28 7:29
新年坠夏,保密,B站什么时候这种视频也可以分集评论就好了，每课知识点都可以单独讨论，评论里肯定有很多大神对这部分知识点的补充评论或重点难点题型什么的，唉，阿B，help啊啊啊啊,,一级评论,5,128,2022/12/1 20:36
Balabalance,保密,为啥这么多人刷名字？？？入站考试白考了（,,一级评论,6,214,2020/10/31 10:24
沙漠之舟tx,保密,"板书截图笔记
对于合集的视频，这个笔记并不好用，最好有个合集笔记
Ctrl+F 搜索可以直接定位选集，比如搜索P66可以直接定位到【新】定积分应用--物理...",,一级评论,6,716,2022/9/15 22:42
流心草莓挞,保密,"看完。。看完这集我就去玩。。。。
two hours later
再。。再来一集。。
one hour later
扶我起来我还能学！",,一级评论,6,25861,2019/12/17 20:51
emm_Oo,保密,"考研的老铁们：
同济教材带星号的不考（欧拉方程除外数1要考）
近似计算不考
除了上面这些其他数一都要考
数二：空间解析几何和向量代数，无穷级数，线面积分不考
积分学里重积分只考到二重积分，另外重积分的应用要考
总结来说数二高数部分的重点在上册，要着重复习
数三：无穷级数里除傅里叶级数外都要考，微分方程里的可降阶方程不考
除了上面这两点其他和数二一样[奋斗]",,一级评论,6,10976,2020/3/19 14:09
mimi1144,保密,宋老师 幂级数求导 积分求和函数的技巧总结漏掉了没录上。,,一级评论,6,14243,2019/6/18 17:39
我向往自由_,男,为了找个好女朋友 我要好好学习 一个赞学一小时,,一级评论,6,686,2021/4/12 20:20
丶我也不知道叫啥好,保密,大学大学，大不了自己学,,一级评论,5,4109,2020/10/6 19:02
在读梗学家,保密,都2021年了还会有人翻宋浩老师的评论区吗[doge],,一级评论,5,628,2021/4/13 17:07
冰蝶梦辰,保密,宋浩老师在国立bilibili大学担任数学教授！！！[热词系列_吹爆],,一级评论,5,10898,2020/3/6 15:30
梅花不易,保密,还要往下翻吗？你不是还有要做的事吗？,,一级评论,5,599,2021/7/2 21:19
川南山野村夫,保密,我是45岁的农民，以前学过高数一，当年老费劲了，现在还能听得懂，谢谢宋老师，20年前能听到你的课就好了,,一级评论,2,4614,2021/1/26 16:22
费觉费觉,男,本科毕业于哔哩哔哩大学。辅导员：宋浩,,一级评论,5,4159,2020/4/20 20:05
费觉费觉,男,本科毕业于哔哩哔哩大学。辅导员：宋浩,,一级评论,5,4159,2020/4/20 20:05
46690127118_bili,女,无聊的网课千篇一律，有趣的浩浩万里挑一。[tv_斜眼笑],,一级评论,3,3966,2020/5/14 11:53
百给战士,保密,"把这些一行一行地添加到你的弹幕屏蔽正则，你会发现弹幕干净了许多
/^【前第抠扣打加】【\d一二三四五六七八九十排】+$/
/\d{2,4}【年|\-|\.】\d{1,2}【月|\-|\.】\d{1,2}【日|号|.】*/
/.+大学/
/.+报道/
/.+报到/
/.+大/
/.+理工/
/.+工程/
/.+学院/
/.+学校/
/.+报告/
/.+来了/
/.+有吗/
/有.+吗/
/.+好好听讲/
/.+好好听课/
/.+别睡了/
/.+学不会的/
/.+别学了/
/.+好好学/
/.+不要看了/
/.+别听了/
/.+看看你/

我真的忍不了了，一个学习的视频被污染成这样",,一级评论,6,434,2021/1/28 16:38
黑皮叭叭叭,男,"我不知道喜欢较真，但是上次看到了一条评论，他说宋老师的故事太多，让他觉得这个课不行。
宋老师有漏了的课程会在之后有时间就重新录来补上。
他的板书很清晰很基础，而且会把很多东西都解释一次。
他讲的有的故事能让你放松，有的故事能让你明白这个知识点在讲什么。就算你觉得时间不多了，不能听故事，所有的指挥部都会出现在对的时间，动用您几秒时间打开弹幕，点一下指挥部，然后关闭弹幕。这应该不难。
我真的觉得你一句故事太多了，就否定掉一个优秀的老师，真的有点不负责任。
向宋浩老师respect
向在学习的朋友们[奋斗][奋斗][奋斗]",,一级评论,6,2528,2021/5/16 17:20
宋浩老师官方,男,《高等数学讲义 上册》 宋老师主编，京东: https://item.jd.com/10059367672671.html，详细答案解析：https://cfemg.mike-x.com/W9uNz,,一级评论,6,11395,2022/10/3 8:52
isXiYoui,保密,大哥们，请您别发XX放弃吧，别学了，您觉得有意思么？？？,,一级评论,6,1386,2020/3/24 21:42
宋浩老师官方,男,大家可以用【笔记】在评论区【提交作业、记录知识点、向我提问、延展讨论等等】，我会抽取几个同学进行作业点评、互动答疑，同时还可以参与B 站近期的【名师喊你交作业】活动，写笔记搞学习，赢取奖学金，活动链接戳：https://www.bilibili.com/blackboard/activity-PGTZ9LcsMMkaoshiji1.html,,一级评论,6,3093,2022/12/1 10:02
Amituofo啊咿呀呦,男,有点不太懂，某些人哈，你觉得无聊你就睡觉，你觉得幼稚你就换课，你觉得啰嗦你就快进，没了你这课还是会继续上，没了你谁也不是不行，为什么你就偏偏要说一些难听的话来人身攻击呢？就是为了刷一刷你那少的可怜的存在感么,,一级评论,6,1327,2020/2/25 18:43
MapleavesLF,保密,宋浩老师荣升为全国大学不教数学考研却考数学的学生的第一老师。,,一级评论,6,4132,2019/10/30 14:55
宋浩老师官方,男,三小时搞定《微积分1》：https://www.cctalk.com/m/group/87382655，覆盖了绝大部分的《高等数学1》的考点。,,一级评论,6,13411,2020/12/21 10:38
alanvont_,男,开弹幕请屏蔽,,一级评论,4,28,2024/8/10 14:49
只差一根胡萝卜,男,"除了大一的同学 有很多同学是学到专业课阶段才回来补某一部分的高数知识的
我建议  每个专业的同学可以将自己专业课中涉及的比较重要  但在大一学习时不太重视或难以掌握的的知识点写在评论里  供同专业的同学参考  以便在大一就将这样的知识点吃透  到学专业课时  即便有遗忘也能快速回忆起来",,一级评论,6,1798,2020/7/11 21:35
????????原神,保密,祝看到这条评论的友友期末不挂科[打call],,一级评论,5,300,2021/12/16 16:35
昵称永久保密,保密,"数学公式不好打字，所以大部分是手写
在准备期考，不是按视频顺序，看哪里记到哪里
目录：
极限存在准则 两个重要极限
无穷小的比较
函数的连续性与间断点
闭...",,一级评论,4,1532,2022/12/3 18:27
楠院长,保密,从晚上9.00看到早上7.30  8.30考试  61分 卧槽了,,一级评论,5,1512,2020/9/17 10:36
爱吃的米子,男,"《高等数学笔记》持续更新内容
针对需要短时间进行复习应试的同学，对重要的知识点进行了备注，省略了一些不做要求的地方以及标注浩子吹水时间点
--------...",,一级评论,5,259,2022/12/30 15:49
桓不择,保密,天哪，为什么有这么多头发，p上去的吗？？黑人问号脸,,一级评论,5,3248,2019/4/8 0:35
-古-德-里-安-,男,高等函数没过，寒假自学，开学重考，最后一次机会，好好把握。今天是第一个晚上，看的感觉还不错，说实话，比我在学校认真听还要听得更多。而且在床上听，实在是不错。加油，立个flag，开学必过。,,一级评论,6,1270,2020/1/11 20:08
名字不能起的太长这样会不好的,保密,感谢宋浩老师。我从小数学就很一般，很普通。我也不聪明，上了大学大一的时候那时候贪玩。上课也没听。其实一开始我还是比较认真的，后来听不懂了，就不听了最后大一高数上下全挂了。那个时候最后俩星期也全力复习高数。但还是没过。然后也蛮抑郁的。那种感觉确实难受。大二重修报名班委没给我报上去。大二下学期疫情重修也没开课。然后大三上学期我重修两门高数。平时还上课。最后俩周我看到了宋浩老师。我就跟着宋浩老师学，俩周复习完了两本。从早上8点学到晚上10点。最后我过了。其中一门我还考了86分。在这个过程中真的感谢宋老师。没有他的视频我有可能还挂。这一次也端正了我的学习态度。感谢宋老师。讲的真的明白。大一刚开学极限我都没听明白，宋老师一下把我搞明白了，老师普通话也标准，我大一上学期高数老师普通话不标准，有时候我都听不懂再说什么。宋老师真的牛！,,一级评论,6,167,2021/3/28 13:41
sevenli晓,保密,"常用求导


常用泰勒展开公式
24个不定积分公式
∫ x^n dx = (x^(n+1))/(n+1) + C
∫ 1/x dx = ln|x| + C...",,一级评论,5,890,2023/5/14 18:54
窑帅哥AxelForm,男,"啪的一声试卷就砸下去了，很快啊，然后就是一个极限，一个一阶导数，一个二阶导数，我全都忍下来了啊，然后我把笔放在试卷上，我笑了一下，没有写，这时候按照高数的做法自然是点到为止，高数卷子也承认，是他题的难度问题，然后就是一个解答题，我大意了啊，没有做，看到证明题，我说停停，他说他是乱编的，他可不是乱编的啊，证明题1，2训练有素，一看就是有bear来，我说高数题你不讲武德，来，骗！来，偷袭！我19岁的好同志，这好吗？这不好，我希望高数试卷耗子尾汁，好好反思，不要再犯这样的聪明，小聪明啊，做题要以和为贵，不要搞花里胡哨，谢谢朋友们！
复制的",,一级评论,6,1130,2020/11/18 12:01
拉布拉多多多-小布丁,保密,更新中，目前5-4到9-10【9-19到9-22，10-1 到十一（7）格林公式计算，】（没补的之后补）记，有帮助的话可以看一看（笔记划累了就去专栏里划吧...,,一级评论,6,784,2022/12/11 23:40
Jraaay,男,考完高数了，对了答案能有90+，感谢宋浩老师！,,一级评论,6,922,2020/1/3 17:46
哈哒ki,男,三个赞一套卷子[tv_生气],,一级评论,5,158,2022/1/11 0:05
时光咣当2,男,要是b战有一个数学老师百大up主就很厉害了，支持老师。,,一级评论,5,657,2020/5/13 8:55
宋浩老师官方,男,《高等数学》上册的课后习题，已经录制完了，大家来小鹅通里面看吧，地址：https://appbl9ch08h9752.h5.xiaoeknow.com,,一级评论,6,168,2023/1/6 8:48
员力LL,男,"[热词系列_三连]
真的 第一次觉得居然会有这么好的大学老师 我老师只会以为你什么都懂 只会念ppt和吹嘘自己以往学生多么多么厉害（说实话我觉得是学生牛逼 和他没关系），宋老师到极坐标这一张还专门考虑到不同省份可能没学到这个知识点的人真的是很有心了 不管怎么样 先一键三连  支持！",,一级评论,6,786,2020/4/25 13:10
宋浩老师官方,男,给大家推荐一款卡西欧（CASIO）函数计算器，适用于大学生数学、理工科学习考试 https://b23.tv/mall-4VTiO-13ECqCDmIam,,一级评论,6,1801,2024/4/22 15:16
iKatarina,男,大家一起帮我发私信提醒宋老师发有理函数的不定积分 我一个人他可能看不到[2233娘_大哭],,一级评论,6,750,2019/12/13 11:06
云端羽源,女,"2023.3.1高数成绩已出，高数满绩，期末94

感谢宋浩老师和李天意老师的视频，我的高数上半学期最后的不定积分、定积分和微分方程是网课，我没认真听。开学期末考，靠他们，我期末94，加上平时99，期中84，直接满绩！！！

我为宋浩举大旗 看谁敢于他为敌；我为李天意举大旗 看谁敢于他为敌[打call][打call][打call]",,一级评论,5,90,2023/3/2 21:08
奶油蘸迷糊,保密,"第一章 函数与极限 13节 47.12.34.19.32.20.83.20.49.48.33.39.28 共464分钟7.7小时
第二章 导数与积分 13节 23.34.9.16.10.28.39.22.26.4.12.32.29 共284分钟4.7小时
第三章 微分中值定理与导数的应用 11节 23.17.13.41.21.15.48.44.25.61.30 共338分钟5.6小时
第四章 不定积分 8节 30.15.2.34.62.53.56.47 共299分钟5小时
第五章 定积分的应用 9节 2.32.52.94.17.19.26.27.7 共276分钟4.6小时
第六章 反常积分 6节 16.38.10.6.77.41 共188分钟3小时
第七章 微分方程 6节 7.12.31.28.17.24 共119分钟2小时
第八章 向量代数和空间解析几何 18节 40.23.6.46.30.33.44.17.20.5.12.51.26.30.32.14.77.7 共523分钟8.7小时
第九章 多元函数微分方程及应用 21节 23.10.35.44.30.12.28.37.47.27.14.53.31.11.14.6.21.37.9.19.15 
       共527分钟8.8小时
第十章 重积分 18节 24.15.80.35.22.58.7.60.14.14.36.11.31.23.40.16.16 共502分钟8.4小时
第十一章 曲线积分与曲面积分8节14.27.26.21.30.18.62.45共243分钟4小时
第十二章 无穷级数12节70.47.69.26.28.42.52.16.10.21.29.31共441分钟7.4小时",,一级评论,5,194,2021/3/2 15:48
长江虾蟆,保密,[微笑]这里给大家一个简单明了的极限的阐述，实际上搞清楚极限的定义以后学习求导啊，微积分之类的简直是水到渠成。[微笑]还是那个经典的微积分入门题目为什么等于0.99999=1？两者为何是严格相等的，其本质上就是搞清楚到底什么是0.99999，什么是1，1是一个实数，在这个等式中可以理解为数轴上的一个点，但是0.999999是什么？0.99999本质上可以是1-1/X，1-1/x^2等等任意一个n趋向于无穷的数列。0.99999的本质就是看你选取的数列在n区域无穷时得出的实数结果，0.99999=1的本质其实是定义：一个确定的实数代表所有趋于这个实数的所有数列，所以实数的范围被大大拓展了。理解了实数的定义，我们自然而然的就会产生极限的定义：极限是这样一种运算，他的运算结果等于一个确定实数，但是根据原数列的不同，整个向该实数的趋近过程也各不相同，所以即使实数结果严格相等，但是极限本身是否严格相等仍需要进一步研究。工具有很多，比如导数，洛必达法则，泰勒展开等等等等，但无非都是极限这个概念的延申[微笑][微笑][微笑],,一级评论,5,147,2021/2/24 13:16
没能,保密,跪求老师快更新呀！正在学习中！[惊喜][惊喜][惊喜],,一级评论,5,192,2019/4/9 8:21
最正经的不正经,保密,谁能告诉我为啥积分表后面会有抖肩舞？！[微笑],,一级评论,6,158,2019/12/18 19:43
啊这怎么会呢,保密,"学到哪更到哪
另外每张截图的备注在截图下面
德国哲学家海涅（Heine）的定理（归结原则）是指关于连续函数的一种重要性质。该定理说明了在闭区间上连续函数的...",,一级评论,5,480,2023/10/14 20:57
宁波高桥凉介,保密,回到了梦开始的地方，大一看的宋老师高分过了高数上和高数下，18年这个视频还只有800w左右的播放量。如今大四即将毕业了，视频播放量也马上到六千万了[星星眼]。青春易逝，还望各位大一大二同学珍惜青春年华，珍惜美好的四年。时代风云变化，提前做好大学规划和职业规划，也不要忘记享受当下的种种美好,,一级评论,5,549,2022/5/31 14:16
素帕奎奎,男,想必在座都是开学考期末考吧[OK],,一级评论,6,138,2023/1/31 9:42
小苏计算机课堂,保密,宋老师的课真精彩，青年才俊，大国担当，让亿万学生受益，支持！[支持],,一级评论,5,556,2020/4/1 12:01
梧桐-星传说,保密,"又是一轮考试季

今天我给大家带来宋浩老师的讲课笔记，用来帮助那些来不及听课的宝子们，整理不易，还请多多支持，不过过了这段时间，可还是要听的{ps：老师的...",,一级评论,5,430,2022/12/1 9:29
老绅士星辰,男,某些 在视频底下刷游戏真的无语[藏狐],,一级评论,6,390,2021/11/7 0:58
空山吹风,保密,别人期末在复习，我是在预习[藏狐],,一级评论,5,529,2022/1/5 20:03
三英坑吕布,男,老师求更啊，快考试了，学校老师上课听不懂，考试还很严[委屈][委屈][委屈]，救命啊，,,一级评论,5,148,2019/5/21 14:18
驰驰驰驰子,保密,高数上我就是刷题好好听课79，高数下上课没听，宋浩老师的课全部都看了一遍但是没过，还是得多刷题，要不然考试啥都不记不住真的，知识点太多了，不能一味赶进度，要不然真的看完你会发现自己只是所有题都熟悉但是不太会做。哪怕精通其中几个章节其实都过了。后来大物，数电，模电，线代，复变听的全是猴博士蜂考速成然后刷题全都稳过，每门课实际也就用了四五个小时，模电就用了两个小时，整个学期几乎没听那种。想速成过倒不如听速成看配套刷题，宋浩老师的课适合不喜欢听学校的课，一节节听课一节节做题比较慢节奏那种，不适合突击。,,一级评论,5,146,2022/6/13 10:37
烨萩,男,mooc的课都不想听，还是这个有上课内味儿,,一级评论,5,130,2020/3/30 22:38
书北不想起名字,男,老师 快更新曲面积分呀  救命啊,,一级评论,6,347,2019/6/25 14:02
IMAch3,保密,大一新生4年后考研 留名[doge],,一级评论,6,136,2020/9/24 19:34
雨里的飞鸟,男,宋浩老师是我见过的最优秀的数学老师了。我纯血文科生打算跨考计算机，数学就靠宋浩老师啦（⌒▽⌒）,,一级评论,6,336,2020/2/8 11:10
程雨禾禾,保密,那些在弹幕里刷某某某大学路过的，怕不是没考上[吃瓜][吃瓜],,一级评论,6,194,2020/3/11 19:58
最后一个神瞳,男,大学结束才发现，我毕业于B站。数学老师是宋浩，英语老师是朱伟，物理老师是猴博士，法学老师是罗翔。,,一级评论,5,358,2021/6/14 1:38
泽西浮尘,保密,我以为才差了几节课，结果翻了下上册第三章后面3.7，3.8，4.4，4.5，5.5，6.3，7.6，7.8，7.9，7.10全都没有[大哭][大哭][大哭]看了宋浩老师的课才想学数学的，结果这么多都没录，好想哭,,一级评论,4,54,2020/2/17 19:35
月半三两银,保密," 持续更新，一起加油，已更至方程组隐函数求导，部分小结较简单无笔记

32:48 

15:30 和差化积记忆口诀：正和正在先
和差化积记忆口诀：正和正在...",,一级评论,5,330,2023/2/10 21:25
给我带份米饭,保密,比你帅的人又女朋友，比你丑的人也有女朋友，根据夹逼定理，你也应该有女朋友！那你为什么没有呢！！说明你不收敛！！！[热词系列_妙啊]同学们！你该收敛一点了！[热词系列_不愧是你],,一级评论,6,122,2021/1/26 0:33
哇咔咔与呜唧唧,女,我怎么找不到有理函数积分那一节的视频呢！各位救命！！,,一级评论,5,50,2019/12/7 15:05
bitmaxrui,保密,大学：大不了自己学[doge-圣诞],,一级评论,6,124,2020/12/22 20:42
solan托尔,保密,宋浩能有今天，我想在座的各位老师都有责任[doge],,一级评论,5,101,2021/12/12 16:42
璟祈,女,大一刚学高数已经听得整堂课都懵了，幸好b站有这种宝藏老师,,一级评论,6,48,2020/10/14 15:14
带刀卡子米,男,@走啊走周啊周 快来学高数[滑稽],,一级评论,4,3,2023/1/6 15:31
羽神李诗沣,保密,@yee568  grb[doge],,一级评论,5,3,2022/11/12 20:52
叁昕sic,保密,@菲联酋 @かの鹿 @夂木点肆 @m常守,,一级评论,5,3,2022/11/4 15:49
花了钱就是亏,保密,"弹幕别发时间
不要在弹幕吵架
没人关心你们是什么大学
不要在弹幕劝人安静[辣眼睛]
但是感谢那些为知识点做解释，抓细节的同学",,一级评论,6,92,2021/7/7 12:59
花了钱就是亏,保密,"弹幕别发时间
不要在弹幕吵架
没人关心你们是什么大学
不要在弹幕劝人安静[辣眼睛]
但是感谢那些为知识点做解释，抓细节的同学",,一级评论,6,92,2021/7/7 12:59
宮煜仙,保密,"第一章 函数与极限 13节 47.12.34.19.32.20.83.20.49.48.33.39.28 共464分钟7.7小时
第二章 导数与积分 13节 23.34.9.16.10.28.39.22.26.4.12.32.29 共284分钟4.7小时
第三章 微分中值定理与导数的应用 11节 23.17.13.41.21.15.48.44.25.61.30 共338分钟5.6小时
第四章 不定积分 8节 30.15.2.34.62.53.56.47 共299分钟5小时
第五章 定积分的应用 9节 2.32.52.94.17.19.26.27.7 共276分钟4.6小时
第六章 反常积分 6节 16.38.10.6.77.41 共188分钟3小时
第七章 微分方程 6节 7.12.31.28.17.24 共119分钟2小时
第八章 向量代数和空间解析几何 18节 40.23.6.46.30.33.44.17.20.5.12.51.26.30.32.14.77.7 共523分钟8.7小时
第九章 多元函数微分方程及应用 21节 23.10.35.44.30.12.28.37.47.27.14.53.31.11.14.6.21.37.9.19.15?
       共527分钟8.8小时
第十章 重积分 18节 24.15.80.35.22.58.7.60.14.14.36.11.31.23.40.16.16 共502分钟8.4小时
第十一章 曲线积分与曲面积分8节14.27.26.21.30.18.62.45共243分钟4小时
第十二章 无穷级数12节70.47.69.26.28.42.52.16.10.21.29.31共441分钟7.4小时",,一级评论,6,17907,2020/3/24 17:11
思与在,男,高等数学第六章归纳,,一级评论,5,21,2024/4/28 20:14
我不是李德,男,"上册共计31小时29分钟
一天按8小时学习时间你需要4天学完！！！
第1章总计7小时48分
1.1  47.15分钟
12.22分钟
34分钟
18.56分钟
1.2    32.23分钟
反三角函数20.23分钟
1.3  82.36分钟
1.4  20.01分钟
1.5  49.11分钟
1.6  49.48分钟
1.7  32.59分钟
1.8  39.29分钟
1.9  28.03分钟

第2章总计5小时47分钟
2.1导数的定义23.28分钟
34.14分钟
8.32分钟
16.26分钟
9.53分钟
2.2求导法则  28.03分钟
反三角函数求导法则29.14分钟
复合函数求导法则26.36分钟
补充3分钟
导数公式表12.24分钟
高阶导数32.17分钟
隐函数求导28点 44分钟
微分的定义23:28钟
基本微分公式与法则16.36分钟
微分的几何意义12.59分钟
微分在近似计算中的应用41.26分钟

第3章总计3小时零32分
微分中值定理21.31分钟
柯西中值定理14.54分钟
洛必达法则48.19分钟。
泰勒公式44.29分钟
函数的单调性24.33分钟
函数图形的绘制60.5分钟

第4章总计4小时零9分
不定积分的定义29.44分钟
积分表14.41分钟
不定积分的性质34.23分钟
第1类换元法，62.03分钟。
第2类积分换元法53.16分钟
分部积分法55.33分钟

第5章总计5小时零4分
5.1定积分的概念46.38
5.2  32.14分钟
5.3  52.14分钟
5.4 94.25分钟
5.5  18.36分钟
5.6  26.08分钟
5.7  27.28分钟
5.8  7.01分钟

第6章总计3小时零7分
6.1  16.11分钟
6.2  37.45分钟
6.3  10.22分钟
6.4  5.43分钟
6.5  76.42分钟
6.5  41.05分钟
第7章总计2小时零2分
7.1  8.50分钟
7.2  12.28分钟
7.3  31.20分钟
7.4  28.23分钟
7.5  17.23分钟
7.6  24.17分钟",,一级评论,5,4632,2020/3/31 16:40
Yang_shu,保密,准大一卷起来了[吃瓜],,一级评论,6,125,2021/7/22 13:17
神奇的玉需,保密,为什么没有对面积的曲面积分和对坐标的曲线积分啊[大哭],,一级评论,6,87,2020/4/27 16:25
加载失败0vO,保密,感觉我可以在B站读大学了，高数，python，c，c++都是B站学的,,一级评论,6,86,2021/9/11 15:36
我考上了B站大学,保密,"ID说明一切
2022.1.4打卡
明早期末考，今晚学两章
祝我好运，高数学会我就去改名
[藏狐][藏狐][藏狐]",,一级评论,3,44,2022/1/4 20:17
镜子米糯,男,祝在弹幕里乱发东西的同学门门挂科[保佑],,一级评论,5,114,2022/5/29 10:55
江上晚风吟code,保密,"上册共计31小时29分钟
一天按8小时学习时间你需要4天学完！！！
第1章总计7小时48分
1.1 47.15分钟
12.22分钟
34分钟
18.56分钟
1.2 32.23分钟
反三角函数20.23分钟
1.3 82.36分钟
1.4 20.01分钟
1.5 49.11分钟
1.6 49.48分钟
1.7 32.59分钟
1.8 39.29分钟
1.9 28.03分钟

第2章总计5小时47分钟
2.1导数的定义23.28分钟
34.14分钟
8.32分钟
16.26分钟
9.53分钟
2.2求导法则 28.03分钟
反三角函数求导法则29.14分钟
复合函数求导法则26.36分钟
补充3分钟
导数公式表12.24分钟
高阶导数32.17分钟
隐函数求导28点 44分钟
微分的定义23:28钟
基本微分公式与法则16.36分钟
微分的几何意义12.59分钟
微分在近似计算中的应用41.26分钟

第3章总计3小时零32分
微分中值定理21.31分钟
柯西中值定理14.54分钟
洛必达法则48.19分钟。
泰勒公式44.29分钟
函数的单调性24.33分钟
函数图形的绘制60.5分钟

第4章总计4小时零9分
不定积分的定义29.44分钟
积分表14.41分钟
不定积分的性质34.23分钟
第1类换元法，62.03分钟。
第2类积分换元法53.16分钟
分部积分法55.33分钟

第5章总计5小时零4分
5.1定积分的概念46.38
5.2 32.14分钟
5.3 52.14分钟
5.4 94.25分钟
5.5 18.36分钟
5.6 26.08分钟
5.7 27.28分钟
5.8 7.01分钟

第6章总计3小时零7分
6.1 16.11分钟
6.2 37.45分钟
6.3 10.22分钟
6.4 5.43分钟
6.5 76.42分钟
6.5 41.05分钟
第7章总计2小时零2分
7.1 8.50分钟
7.2 12.28分钟
7.3 31.20分钟
7.4 28.23分钟
7.5 17.23分钟
7.6 24.17分钟",,一级评论,5,166,2020/6/26 15:27
煮石sama,男,没人关心你们是哪个大学，也没人关心你们到底在不在卷。我只针对部分弹幕[微笑],,一级评论,5,109,2022/9/6 17:11
月亮眨眨眼睛99,保密,"在别的地方看到的评论，我复述一下：
“别再往下滑了，不是还有要做的事吗？”[拥抱]",,一级评论,5,83,2021/4/26 18:26
别离_i,男,为什么没有1.3,,一级评论,4,92,2019/10/17 12:07
养七夜的鱼,保密,"老师让我第一次明白了dy,dx是啥[笑哭]",,一级评论,6,82,2020/3/13 19:25
An阿良,保密,卡在奇怪的地方,,一级评论,6,20,2023/3/30 19:40
耗子Ryan,保密,"【五1】 47min
【五2】 32min
【五3】 52min
【五4】 94min
【五5】 19min
【五6】 26min
【五7】 27min
【五8】 07min
--------------------
【六1】 16min
【六2】 38min
【六3】 10min
【六4】 06min
【六5】 77min
【六6】 41min
--------------------
P58【七-1】微分方程的基本概念 9min
P59【七-2】可分离变量的微分方程 12min
P60【七-3】齐次方程 31min
P61【七-4】一阶线性微分方程 29min
P62【七-5】可降阶的高阶微分方程 17min
P63【七-6】常系数线性齐次微分方程 24min",,一级评论,6,771,2020/2/26 18:50
次强音,保密,？这个为什么上热搜了呀？大家都和我一样被高等数学折磨的要死吗？[doge],,一级评论,6,135,2020/11/27 14:23
正川Kawa,保密,2021年4月18日凌晨1点03分，高等数学所有课程一节不落全部看完，希望有生之年宋浩老师能把第十一章的对面积的曲面积分，对坐标的曲面积分，高斯公式，斯托克斯公式与第十二章的函数的幂级数展开应用，傅里叶级数，一般周期的傅里叶级数课程补上，看其它老师的课程太难融会贯通了，最后一句：宋浩老师高数课真TM上头，第十二章第一节yysd[小A和小B_应援][小A和小B_应援][小A和小B_应援],,一级评论,6,76,2021/4/18 1:09
Aspric,保密,我们老师上高数课就照着书读（书上的都不是人话），然后就直接让我们做题，问懂不懂了，没人回答，然后我就只能来补了,,一级评论,5,91,2019/12/7 0:40
思与在,男,高等数学第五章归纳,,一级评论,5,19,2024/4/29 18:54
世界重构,男,"大家一起加油吧，数学别挂了。00:03 12:15 

33:16 

30:56 
00:10 
00:02 

01:42 

00:34 

00:...",,一级评论,5,19,2023/2/13 22:41
爆风神马n155LOm02,男,这会不会成为下一个突破一亿播放的视频[脱单doge],,一级评论,6,72,2023/3/4 9:56
siyan_Fang,保密,"《下册》
- - - - - - - - - - - - - chap 10 - - - - - - - - - - - - - -
| 第十章 二重积分...",,一级评论,4,149,2022/12/20 6:21
坚守一生的信念,女,我发布了一篇笔记，快来看看吧~,,一级评论,6,173,2022/10/17 11:52
Koiの,保密,老师是不是掉了一节收敛数列的性质[热词系列_知识增加],,一级评论,5,44,2020/9/23 10:59
B上将,保密,大家一起把刷人名的脑瘫举报一下，不好好听课hape太多了,,一级评论,6,94,2020/1/20 15:50
玄骨和我和韩立在一起,保密,《关于在高数课上被高数老师看到我在看宋浩视频这件事》[辣眼睛][辣眼睛][辣眼睛][辣眼睛],,一级评论,5,38,2021/12/22 10:58
我永远喜欢DRA,保密,想给那些刷“ⅹⅹx别卷了”的人，一人一拳,,一级评论,5,105,2022/11/2 22:55
Mmalloc,保密,看到有很多人说P41的极值及其求法17:46秒钟的不会算，我给大家算出来了,,一级评论,5,22,2023/4/15 10:23
SelavyM,女,恕我直言有些人挂科简直太正常了，自己网课不听，过来宋老师这还在弹幕瞎b叨，自己不要face不要影响别人学习行吗,,一级评论,6,149,2020/5/6 20:16
你的爷爷6,保密,开学补考的在我这里集合[doge],,一级评论,3,84,2022/2/9 22:06
长船_,女,"上册
求导公式证明
26:33 sin(x)


三角函数公式


求导法则
00:10 
三个相乘的导

  
18:08 导数公式（复杂）导数公式

...",,一级评论,5,37,2023/2/21 19:17
思诺思少年,保密,"正所谓上课睡觉，下课宋浩[笑哭]
上大学最耽误学习的就是上课[笑哭]",,一级评论,4,37,2022/11/15 9:10
爱吃蛋糕的野原,女,偷偷说一句，宋浩是我亲爹,,一级评论,5,128,2021/12/16 13:41
Rak_Space_Center,男,"我不知道以后会不会出现这样的情况：
有一天宋老师正上着数学课，看见台下一位同学正戴着耳机聚精会神的看着电脑坐着笔记，于是信步走过去一看——学生正在电脑上听宋老师的数学课。[笑哭]",,一级评论,6,74,2021/4/15 11:10
Mouoalmis,女,找不到第二类换元积分和有理函数积分的视频，是丢失了吗[大哭],,一级评论,5,74,2019/11/24 21:45
艾成华,保密,2024年4月12日，由衷的感谢宋浩老师，之前我没真正的上过全日制大学，通过宋浩老师的视频课，我系统的学会习了线性代数—概率论和数理统计—高等数学，通过了初中数学教资科目三｛学科｝的考试，分数89。真心的感谢宋浩老师，您让我在茫茫人海中看到了希望的灯塔。感谢宋浩老师的真心付出，由衷的说一句：您辛苦了！！！,,一级评论,3,109,2024/4/12 18:15
陪我去下雨,保密,"数列的极限
      定义：{Xn}是一个数列，任意一个正数，总存在一个N，使得当n大于N时，|Xn-a|小于那个任意正数（a为极限）。
   任意小的...",,一级评论,5,18,2022/9/29 11:56
司命殿小兰花呀,女,宋浩老师对不起[笑哭][笑哭][笑哭][笑哭]随手截的,,一级评论,2,65,2023/3/2 12:20
Allsviper,保密,前排提示：如果真的是来学高数的，推荐把弹幕关掉，看到不会的地方，再打开，有弹幕会讲解,,一级评论,6,65,2022/11/23 10:18
Allsviper,保密,前排提示：如果真的是来学高数的，推荐把弹幕关掉，看到不会的地方，再打开，有弹幕会讲解,,一级评论,6,65,2022/11/23 10:18
黑闪目,保密,这个时候上热搜为什么想必大家心里都有数[doge],,一级评论,6,80,2020/11/27 10:55
凉烟YAN,保密,刚高考完 终于可以专心学数学啦[大哭][大哭]只有数学能让我一直快乐555数学太美妙了,,一级评论,6,36,2021/6/12 10:36
小郑还没睡醒啊,保密,数学底子差，大一时高数上挂了，假期好好看视频，补考时1/9的通过率都让我过了……主要是课上老师讲的太难懂了，宋老师的视频就非常通俗易懂有重点会做题！我今年大二，别问我为什么才来评论，问就是没听宋老师的课做辅助，高数下也挂了……数学一生之敌，宋老师救命菩萨,,一级评论,5,36,2022/4/25 17:21
鸣小音丶,保密,22届的卷哥们，别藏了，同举个手吧，都是一路人[doge],,一级评论,5,64,2022/8/2 22:15
梦之岛守礁人,男,"上册共计31小时29分钟
一天按8小时学习时间你需要4天学完！！！
第1章总计7小时48分
1.1  47.15分钟
12.22分钟
34分钟
18.56分钟
1.2    32.23分钟
反三角函数20.23分钟
1.3  82.36分钟
1.4  20.01分钟
1.5  49.11分钟
1.6  49.48分钟
1.7  32.59分钟
1.8  39.29分钟
1.9  28.03分钟

第2章总计5小时47分钟
2.1导数的定义23.28分钟
34.14分钟
8.32分钟
16.26分钟
9.53分钟
2.2求导法则  28.03分钟
反三角函数求导法则29.14分钟
复合函数求导法则26.36分钟
补充3分钟
导数公式表12.24分钟
高阶导数32.17分钟
隐函数求导28点 44分钟
微分的定义23:28钟
基本微分公式与法则16.36分钟
微分的几何意义12.59分钟
微分在近似计算中的应用41.26分钟

第3章总计3小时零32分
微分中值定理21.31分钟
柯西中值定理14.54分钟
洛必达法则48.19分钟。
泰勒公式44.29分钟
函数的单调性24.33分钟
函数图形的绘制60.5分钟

第4章总计4小时零9分
不定积分的定义29.44分钟
积分表14.41分钟
不定积分的性质34.23分钟
第1类换元法，62.03分钟。
第2类积分换元法53.16分钟
分部积分法55.33分钟

第5章总计5小时零4分
5.1定积分的概念46.38
5.2  32.14分钟
5.3  52.14分钟
5.4 94.25分钟
5.5  18.36分钟
5.6  26.08分钟
5.7  27.28分钟
5.8  7.01分钟

第6章总计3小时零7分
6.1  16.11分钟
6.2  37.45分钟
6.3  10.22分钟
6.4  5.43分钟
6.5  76.42分钟
6.5  41.05分钟
第7章总计2小时零2分
7.1  8.50分钟
7.2  12.28分钟
7.3  31.20分钟
7.4  28.23分钟
7.5  17.23分钟
7.6  24.17分钟",,一级评论,6,61,2021/2/18 11:43
JJ的CD,保密,当你把每个视频都打开，你会发现。。。。。。。他的第一句就是“好”,,一级评论,6,58,2019/12/17 0:25
yliwO_o,保密,"看视频时:[喜欢][大笑][星星眼][吃瓜][奋斗][歪嘴]
做题时：[高考加油][疑惑][疑惑][辣眼睛][灵魂出窍][灵魂出窍][大哭][大哭]",,一级评论,4,57,2022/5/30 15:23
我本可以你说呢,保密,12点40了 还有144个人再看 就离谱 比你优秀的人还在学习 你还在打游戏或者干别的 怪不得人分三六九等 其实都是自己给自己分的 别埋怨任何人,,一级评论,5,956,2021/8/3 0:40
芸熙时wer,男,"P1 
一. 所有像组成的集合叫做值域 所有的Y叫做像，X叫做原像 有像则必有原像 同时定义域 用Df来表示 值域用Rf来表示 前提：X,Y是非空集合

...",,一级评论,5,16,2024/7/30 23:23
根艮赓,男,"分部积分法
概念：∫前d后＝前后－∫后d前
方法：把 ex,sinx cosx，xn用凑
常见情况：∫＝m－∫，求出∫
有理函数积分
应用第一，二，分部积...",,一级评论,4,16,2023/12/3 22:57
纸短情长梦夜多,保密,不明白这里为什么不直接用sin▲x/2直接等于0不是更方便嘛,,一级评论,5,16,2023/10/23 20:11
初晨za,保密,"突然对微分与积分有些小感悟！！！
何为微分：  “分”
体拆分了面，面拆成了线，线拆分了点！
何为积分：  “积”-求和
把区域的点积累为线，把区域的线积...",,一级评论,4,16,2023/6/29 17:24
WrightGiemsa,男,喜报，宋浩老师上电视了[大笑],,一级评论,5,16,2023/5/17 18:52
抽烟大象,保密,"啥都别说了，开导!
         (sinx)' = cosx

　　(cosx)' = - sinx

　　(tanx)'=1/(cosx)^2=(secx)^2=1+(tanx)^2

　　-(cotx)'=1/(sinx)^2=(cscx)^2=1+(cotx)^2

　　(secx)'=tanx·secx

　　(cscx)'=-cotx·cscx

　　(arcsinx)'=1/(1-x^2)^1/2

　　(arccosx)'=-1/(1-x^2)^1/2

　　(arctanx)'=1/(1+x^2)

　　(arccotx)'=-1/(1+x^2)

　　(arcsecx)'=1/(|x|(x^2-1)^1/2)

　　(arccscx)'=-1/(|x|(x^2-1)^1/2)

　　④(sinhx)'=coshx

　　(coshx)'=sinhx

　　(tanhx)'=1/(coshx)^2=(sechx)^2

　　(coth)'=-1/(sinhx)^2=-(cschx)^2

　　(sechx)'=-tanhx·sechx

　　(cschx)'=-cothx·cschx

　　(arsinhx)'=1/(x^2+1)^1/2

　　(arcoshx)'=1/(x^2-1)^1/2

　　(artanhx)'=1/(x^2-1) (|x|<1)

　　(arcothx)'=1/(x^2-1) (|x|>1)

　　(arsechx)'=1/(x(1-x^2)^1/2)

　　(arcschx)'=1/(x(1+x^2)^1/2)",,一级评论,6,53,2021/10/20 19:38
是Muuu,保密,这是有关级数的所有笔记截图 例题就没放进去噢,,一级评论,5,91,2024/1/9 1:57
ken的女友,女,请某些人注重一下，学习的时候就学，不要在弹幕发“某某实名开卷”，有意思吗？你是来学习的还是来刷存在感的，能干点有实际意义的事吗？不想学习的话请退出，不要干扰其他人学习[疑惑],,一级评论,5,65,2022/10/24 19:27
Adanヽ,男,"【六-5】的正劈锥体画错了，宋老师画的是锥状面，正劈锥体是圆柱被切两刀的样子
吹风机是锥状面，一字型螺丝刀头是正劈锥体
我去年发私信跟宋老师反应过了，宋老师说会再想想，但是迟迟没有改正（还是有点伤心的）",,一级评论,6,52,2022/12/9 13:39
早濑沐歌,男,我发现我听课的时候会特别认真的走神,,一级评论,5,30,2021/9/17 21:27
末姮,女,高数29挂，前来补课,,一级评论,4,30,2021/1/27 6:34
账号已注销,保密,要是改成播放时长，高数绝对第一,,一级评论,0,30,2023/6/27 12:24
25分达人,保密,老师！我大三啦，大一看您的课考了90！您教的超级棒！,,一级评论,5,30,2023/3/21 19:14
再刮一次,男,有时我听课有疑惑想打开弹幕获得解答，结果看到某某大学某某别卷了，要不就是某某大学某某实名开卷真tm扫兴,,一级评论,6,64,2023/2/4 11:02
汐诺Nocy,保密,除去一些无意义的刷名字和日期的弹幕，真的很喜欢视频里大家互相鼓励祝福，大佬耐心解答的氛围[给心心],,一级评论,5,30,2022/12/8 15:36
试涉霸王略,男,弹幕里面一直刷XXXX实名开卷的有啥意思吗，没人想知道你是谁你是哪的，反而把好多提问和回答压下去了[热][热],,一级评论,5,68,2022/11/6 20:04
dengzhiyong768,保密,"无意中在B站发现了宋老师，讲的真不错！ 

目前也算是个准老人了，我大学时代大约是跟宋老师差不多的，不过我大学数学学得很不好。
大一刚开始学高数时还行，基本上课后题目也会做，作业也能按时提交。
但到了后来的空间解析几何就有些跟不上了，可能是其它科目占用了时间，数学作业基本上都是抄其它同学的，想起来就觉得悲催。
到了第二个学期学第二册多元函数时，开始就有些听不懂了，即使努力地理解也理解不上去，之后好象就有些放弃了。

再到后来的线性代数和概率论，基本上就是听天书，作业也基本上是抄。
考试是怎么过的，现在也有点想不起来了，但每次也都通过了。
现在的印象就是考前比较着急，天天去占座位复习，但估计都是一知半解，所以留到后来脑子全没了记忆。
可以说，大学的数学对我来说是痛苦的。
工作以后，偶有使用大学数学机会，也因此稍微复习了一下，不过还是理解得不太好。

宋老师讲的通俗易懂，所以自然就勾起的我的兴趣，
我就产生了一个想法，把之前的大学数学再学一遍，我看了他大约一半的视频吧，包括高数 与 线代。
后来我又把之前的大学数学书买回来，仔细地阅读，发现这次理解的跟之前比较是进步多了，
有空还做做课后的练习，多数还能做，很有成就感。

有时有人就问，学这么难的东西做什么呢？
我笑笑不作答，我觉得学数学可以活动脑子，保持思路清晰，
还可以教各种大小朋友数学，尤其是能帮他们解决一些实际难题，好歹能得一些虚荣，不至于补人小看，哈哈！

感谢宋老师分享的视频，感谢B站上好多的数学高手，我也将一如既往地努力学习下去。",,一级评论,4,59,2022/1/13 17:21
Bipedal-Sheep,保密,都读大学了，成熟点，别在弹幕刷人名了[捂脸],,一级评论,6,50,2021/4/19 3:24
崔崔MVP,男,想必各位都是开学期末考试的吧,,一级评论,5,50,2023/2/6 11:57
_-夜阑-_,男,"我发布了一篇笔记，快来看看吧
00:00   宋浩老师自我介绍  姓名：宋浩 新浪微博： 宋浩老师_ice_mouse  B站： 宋浩老师官方  主讲： 《高等数学》 BV1Eb411u7F
https://www.bilibili.com/h5/note-app/view?cvid=10979388&pagefrom=comment",,一级评论,6,61,2021/4/22 13:59
?不过三万天,男,我开弹幕是看补充和解释的，不是看你们byd从哪来到哪去的[阴险],,一级评论,5,55,2022/11/10 19:21
吉良岩,男,在教室捡到的，不知道那个人才做的,,一级评论,4,15,2024/3/4 15:22
令和少女昭和魂,保密,“别再往下滑了，不是还有要做的事吗？”,,一级评论,6,61,2022/1/5 17:04
11122222222111,保密,"大一下
 |||||||||||||||||||||||||||||||||||||||||||||||
九章多元函数微分法及其应用
00:27 
1、
...",,一级评论,4,18,2023/2/20 22:57
吧唧-吧,保密,宋浩老师！！！??????希望你速速多涉猎几个学科??????！！！大学物理需要你！！！??????C++需要你！！！??????宋浩老师速速放下羞涩就我狗命！！！??????！！！,,一级评论,5,47,2022/3/30 11:30
SIX_SIX_-,女,"考研的老铁们：
同济教材带星号的不考（欧拉方程除外数1要考）
近似计算不考
除了上面这些其他数一都要考
数二：空间解析几何和向量代数，无穷级数，线面积分不考
积分学里重积分只考到二重积分，另外重积分的应用要考
总结来说数二高数部分的重点在上册，要着重复习
数三：无穷级数里除傅里叶级数外都要考，微分方程里的可降阶方程不考
除了上面这两点其他和数二一样[奋斗]",,一级评论,5,47,2022/3/28 10:49
梦醒方知泪,男,"50:50 处25题的详细过程，如果有错误，望指出(字有点丑)
水字数水字数水字数水字数水字数水字数水字数水字数水字数水字数水字数水字数水字数水字数水字数...",,一级评论,5,77,2022/11/17 17:08
帅气的上位神受总攻,男,我无时无刻不在期待宋老师播放量破亿,,一级评论,5,28,2023/3/27 8:22
万万black,女,早八高数不听课跑来这里看[脱单doge],,一级评论,5,28,2022/10/31 8:44
氧化沟A2O,保密,没人在意你是哪个大学??,,一级评论,6,58,2021/4/24 9:42
嘻嘻帅锅,保密,"收敛函数的性质








函数的极限

函数有没有极限与它在该点有没有定义是两码事。只要满足左右极限存在且相等就认为函数极限存在。（不管在该趋近点的...",,一级评论,4,40,2022/10/6 8:54
砂风,女,两百人在看，不会都是听不明白的大一新生吧。[原神_生气],,一级评论,5,31,2022/9/22 19:36
沉默的Adelais,保密,三重积分要死了已经，老师救我(?_?),,一级评论,6,45,2019/5/4 19:05
不良梓妹妹,保密,虽然我不懂，，但是弹幕那一个个说别卷了的，是在自我感动吗....你们这群人可真抽象,,一级评论,5,52,2022/11/29 10:37
阿客不是客,保密,"学到哪更到哪介绍在照片上方
07:13 
注意有界乘无穷小是无穷小

15:47 
两个重要极限
无x

25:46 
arcsinx的变换（换元）
若y...",,一级评论,6,14,2024/3/14 0:44
dffhxf,保密,来啦，支持[脱单doge],,一级评论,3,14,2024/3/4 20:39
C-W-F-A,保密,"工作之后也可考博士
数一（高等数学 线代 概论）数二 （高等数学 线代）数三（微积分 线代 概论）

函数（有符号差别）与极限（！）

映射和函数
XY ...",,一级评论,4,14,2023/7/17 9:13
#NAME?,保密,你们在哪啊？宋老师又在哪一层啊？[思考],,一级评论,6,14,2023/3/25 23:21
雪落坠成花丶,保密,努力十天，我想上大二！！！！,,一级评论,6,42,2021/6/23 15:05
yukii11_,女,开学高数补考的我[大哭],,一级评论,5,42,2021/2/15 8:53
Lindsay一定好好学数学,保密,刚考完，肯定是挂了，等补考了。但是宋老师讲的真的好，考的题型老师都讲到了，是我留给自己的复习时间太短了，所以没有掌握好。补考肯定好好加油哈哈哈哈，虽然没过也来谢谢宋老师哈哈哈哈,,一级评论,5,26,2021/12/22 22:24
KGYCFYHVD,女,挂着自家老师的直播看宋浩老师的课[doge],,一级评论,5,26,2022/12/7 19:51
苍风不是风,保密,跪谢宋老师，一己之力干翻全国几乎所有大学的高数老师[doge],,一级评论,6,47,2020/5/14 15:00
我可是真ikun_,保密,我在想这玩意会不会是第三个破亿的[doge],,一级评论,5,41,2023/1/12 13:40
鱻飝龘厵麤靐,男,大一下学期挂了高数2，一直没有重修，直到今年大四。5月底论文写完开始自学，上册的基本全忘光，所以虽说只考一本书的内容，但是我得全部学了。看完网课后，把学校大一发的练习册做完了，又做了了几套考试题。今早上查完成绩，71分。谢谢宋浩老师，也鼓励每一个还在学习的同学。,,一级评论,5,46,2021/7/1 13:27
荔西西,女,有和我一样上完学校第一节高数课就来听了的朋友嘛[歪嘴],,一级评论,5,40,2021/10/8 11:02
果冻刚睡醒,保密,"给大家补充一个知识点：为什么0不能当除数
首先，我们知道，被除数除以除数等于商，同时，商乘以除数等于被除数，那么当一个非0数除以0时，如果有商，那么这个商乘以0就应该等于被除数，然而我们知道，0乘以任何数都等于0，不可能等于一个非零数，所以一个非零数除以0是没有结果的，举例：8÷0＝n，所以n×0＝8，然而没有结果满足n×0＝8，所以非零数除以0没有结果；
那么0除以0呢？0除以0可以等于任何数，原因同上，自己想，那么当一个结果是任意数时，这个结果你可以把它看做是一个未知数，一个未知数也可以是任何数，相当于任意数这个结果等于没有结果，（就好比你问我吃什么，我说随便，相当于我没有说），所以0除以0是没有意义的，以后人家问你0为什么不能做除数，记得讲清楚，而不是简单一句：没有意义。很多人都不知道为什么没有意义[OK]",,一级评论,5,40,2021/6/9 20:21
眨眼睛的狮子,保密,呜呜呜，老师你救了我的高数[大哭]虽然我们数学老师美丽优雅耐心善良，但我一听她的课就困。宋老师的课浅显易懂，又贼好玩。,,一级评论,5,25,2020/9/29 16:56
长猫手卡准节奏,保密,我来造福后面的同学了！！第九章有漏录而且后面几节感觉有点顺序混乱（弹幕小伙伴都一脸懵逼）建议移步隔壁宋老师讲的微积分找相应章节（很好找的，小标题都一样）[tv_点赞],,一级评论,5,25,2020/4/12 20:55
Cabbageix白菜,女,现在b站播放改算法了，感觉这视频将来会封神，看看能不能超过新宝岛成为第一[2233娘_喝水],,一级评论,6,40,2023/6/27 3:59
伍硫伍玖,保密,已经工作了，不想听歌，就喜欢听这种天书[doge][doge]享受这种不知道在说哪国语言的感觉,,一级评论,6,25,2022/11/9 14:52
伍硫伍玖,保密,已经工作了，不想听歌，就喜欢听这种天书[doge][doge]享受这种不知道在说哪国语言的感觉,,一级评论,6,25,2022/11/9 14:52
bili_13913045007,保密,借宋老师楼发个寻人启事：陈杰，男，2000年11月生，重庆人，2006年3月1日在云南丢失，现年22岁左右（年龄可能被改小）。特征：左腋下有烫伤疤痕。如果孩子还在读书，差不多快要大学毕业了，希望各位同学，多多留意一下，身边有没有左腋下有烫伤疤痕的男同学。如果有疑似信息，这个链接有陈杰妈妈联系方式：https://www.bilibili.com/video/BV1vU4y1Z7Gx?spm_id_from=333.999.0.0，也可以与宝贝回家网志愿者联系（央视等着我栏目、宝贝回家网站都可以找到联系方式）或者也可以与我联系。谢谢各位同学！父母已经找他整整16年了，希望早日回家团圆！[保佑],,一级评论,4,45,2022/3/2 15:29
生人短短几个秋,保密,"第一章 函数与极限 13节 47.12.34.19.32.20.83.20.49.48.33.39.28 共464分钟7.7小时
第二章 导数与积分 13节 23.34.9.16.10.28.39.22.26.4.12.32.29 共284分钟4.7小时
第三章 微分中值定理与导数的应用 11节 23.17.13.41.21.15.48.44.25.61.30 共338分钟5.6小时
第四章 不定积分 8节 30.15.2.34.62.53.56.47 共299分钟5小时
第五章 定积分的应用 9节 2.32.52.94.17.19.26.27.7 共276分钟4.6小时
第六章 反常积分 6节 16.38.10.6.77.41 共188分钟3小时
第七章 微分方程 6节 7.12.31.28.17.24 共119分钟2小时
第八章 向量代数和空间解析几何 18节 40.23.6.46.30.33.44.17.20.5.12.51.26.30.32.14.77.7 共523分钟8.7小时
第九章 多元函数微分方程及应用 21节 23.10.35.44.30.12.28.37.47.27.14.53.31.11.14.6.21.37.9.19.15?
       共527分钟8.8小时
第十章 重积分 18节 24.15.80.35.22.58.7.60.14.14.36.11.31.23.40.16.16 共502分钟8.4小时
第十一章 曲线积分与曲面积分8节14.27.26.21.30.18.62.45共243分钟4小时
第十二章 无穷级数12节70.47.69.26.28.42.52.16.10.21.29.31共441分钟7.4小时",,一级评论,3,136,2021/12/13 14:55
满天繁星入我梦,保密,大一新生听课懵逼，来补课了[笑哭],,一级评论,6,39,2020/10/4 8:35
永远的失去我,保密,祝在座的各位不挂科。[古守血遊_通宵],,一级评论,5,39,2022/3/10 21:04
开朗椰子冰,女,"个人观点（中长文预警）：

宋老师讲的很好捏，但是对于考试难度比较大的学校的同学来说，这个系列用来学概念就好了，如果要高分的话，还是需要学习各种题型和解题思路的。当然随着投入时间的增长，学习的效果会递减，所以如果有更难的科目要学习的话，还是把时间放在更重要的地方吧。

对于各种教材，一定要把课后题全部弄懂再找习题册做口牙！

如果想要在高难度的高数考试里获得高分的话，考研书籍是一定要写一写的，我看来的主流教辅难易度排序是武忠祥高数辅导/武忠祥高数十七讲<330/660<张宇高数18讲/1000题，汤家凤老师和李林老师的著作我还没有看过，就不妄作评论了。如果考研书籍没什么问题的话，可以考虑一些涉及竞赛的书籍，张天德或者陈兆斗都是可以的，其中前者相对容易一些，如果后者可以全部弄懂，考试压轴题也不在话下了吧。

不想换书，想一套书写到天荒地老的话，可以考虑吉米多维奇，数分题目跳过就好。

如果觉得高数过于简陋，无法接受的话，可以试着学数学分析，有比较温柔的陈纪修和较硬核的徐森林可以选择。习题册推荐吉米多维奇，谢惠民和裴礼文。

在做题的过程中，可能会遇到各种结论或者高级定理，如果想要在考试时用的话，一定要提前问老师哦，不然有全写对全不给分的可能。

当然，本校往年试题非常重要，尽量在考前过三四套，反复熟悉，到时候压轴题看不懂就过了吧，不要抓住不放惹。

如果觉得我的理解有偏差的话，请一定指出，我也是被卡了绩点的弱弱。

祝大家新学期学业顺利！",,一级评论,6,39,2022/2/16 11:03
小提莫在待命,保密,函数板书,,一级评论,5,13,2022/12/12 20:08
眼皮一直跳跳跳,保密,忽然在想，同样是卖嘴挣钱，人家薇娅动动嘴就能漏十几亿的税。可是宋老师天天跟这儿小嘴叭叭地，到现在不也才混到个普通中产…哎一个教授还比不过一个卖东西的，这世道[辣眼睛][辣眼睛]真是辣眼睛[辣眼睛][辣眼睛][辣眼睛][酸了][惊讶][捂脸][抠鼻],,一级评论,5,49,2021/12/20 19:32
番茄炒蛋owo,保密,有20级大一的学生吗[牛年]想找个人一起学高数[捂眼],,一级评论,3,24,2021/2/27 19:56
ffffre,女,"函数的连续性
1.连续的定义和条件
补充
2.间断点
24:15 间断点
第一类（左右都有极限）：
?在x0无定义（左右有极限f(x0)）：
可去间断点
...",,一级评论,6,24,2023/11/20 11:40
绿绿的阿超,男,"自己认为的期末容易考到的考点
极限那里 等价无穷小，1的∞次方类型
微分 高阶导数（寻找到一定的规律）隐函数求导
积分 公式多背背，不仅是积分公式，还有一些初高中数学的三角公式，两种换元法见到带着根号的基本上大部分都会让你换元，分部积分法（反对幂三指），两个旋转体体积的公式

微分方程 一阶线性微分方程的特别长的那个公式，二阶常系数齐次的三个不同根的情况的公式
祝大家都不挂科！",,一级评论,6,38,2023/2/12 23:16
兰秋十三,保密,"自己记的一些笔记从1-5开始

1.5 极限运算法则",,一级评论,5,53,2022/12/7 11:39
小羊的头号迷弟,保密,"来宋浩老师这里还愿了！！
我是大一第二学期知道的宋浩老师，在第一学期的高数80的情况下，我大一寒假学习了宋浩老师的高数和线代，期末都是90+。大二跟着宋浩老师的概率论与数理统计，最终也是90+。在这里要非常感谢宋浩老师，希望更多的学弟学妹们可以发现宋浩老师！！也衷心希望宋浩老师的学生可以越来越多，虽然大家不是一个学校的，但是都有共同的数学老师！！！",,一级评论,6,43,2022/3/16 19:34
名字什么的随意就好啊,保密,一个一个的发个毛学校名字啊，我打开弹幕是为了能提出问题，解决问题的，各位要是好好听课，就别那那那开卷好吧，我谢谢你们,,一级评论,5,41,2022/11/21 20:42
风烟星雨z,保密,说句真心话，卷归卷，适量，别一天就看个5，6，7节的，你觉得你听懂了，嗯没错，是懂了，你再看看书上的习题，你绝对又卡了....看完多看题消化消化，这是高数，不是相声......也不是番剧[热][热],,一级评论,5,37,2022/9/24 13:11
hahahhahahhaha,男,看到这里，你已经走神了，该回去看宋浩了[妙啊][妙啊][歪嘴],,一级评论,5,60,2022/10/31 11:15
庐州Master,保密,我上的民办大学 老师讲的一般 听不懂 就来宋老师这儿了 刚开始心里还纠结 学费不是白交了吗 现在想想不能这么算 我逃课是为了更好的学习 老师讲的不好我也没办法  况且我又不是所有的科目都逃[妙啊],,一级评论,5,47,2020/4/3 18:15
殺魚-辣椒,男,"费马引理
泰勒公式
拉格朗日中值定理
洛必达法则
（看第二个字）[doge][doge][doge]",,一级评论,5,42,2022/10/30 16:41
猫猫饲养员绝赞躺食,保密,播放时长改了以后宋浩老师就要从b站顶流变成b站唯一站在顶端的男人了，高攀不起了悲[团团猫_嘶哈嘶哈],,一级评论,5,23,2023/6/27 10:44
关于我沉迷学习这件事,保密,"我们老师觉得是文件加密高手,擅长各种简单题目让你根本听不懂.
感觉宋老师就讲的清楚明白,我们老师拖泥带水重复讲来将去还弄不明白.高下立见",,一级评论,6,46,2020/3/24 0:15
是阿陆啊,女,因为那只蝙蝠每个位击个掌吧,,一级评论,5,46,2020/2/18 17:02
猫不吃薄荷糖-,保密,兄弟们，用一张正方形白纸画出sinx图像，然后抓住右上角和左下角将纸翻转180度看到的就是arcsinx的图像了，其他的反函数也是同理[2233娘_耶][2233娘_耶],,一级评论,5,35,2021/10/18 20:33
lili无所谓,女,开学考，真可怕，一个星期创造奇迹，绝不挂科[奋斗],,一级评论,5,35,2023/2/13 19:51
一璐-,保密,@奈Slime 打卡第二天  萌奈快来学高数,,一级评论,3,183,2022/10/26 20:14
夏洛克但是莫里亚蒂,男,"施瓦兹不等式，均值不等式，柯西不等式，权方和不等式，舒尔不等式，琴生不等式，贝努利不等式，契比雪夫不等式，排序不等式，闵可夫斯基不等式，赫尔德不等式帮您精打细算、财源滚滚。
重心，垂心，外心，内心，界心，旁心，伴心，陪心让您心宽体胖、事事顺心。
五点圆、六点圆，七点圆，八点圆，九点圆，阿波罗尼斯圆，外接圆，旁切圆，内切圆，蒙日圆，萨蒙圆，形心圆，凡利圆，莱莫恩圆，图克圆，余弦圆，三乘比圆，重圆，泰勒圆，富尔曼圆，极圆，逆相似圆……让您顺顺利利、圆圆满满。
调和点列，调和线束，调和四边形，调和数列，调和平均数，调和级数帮您在新的一年里事业鹏程、阖府安康。
幸福是可导的，
时间是可微的，
我对你的祝福是一致连续的！
是罗尔定理所不能证明的，
是拉格朗日无法求导的，
是泰勒公式所不能展开的，
是二分法所不能逼近的，
记忆的曲线是上凸的，
思念的曲线是下凸的，
遗忘你的点是不存在的。
祝大家
烦恼高阶无穷小，
好运连续且可导，
理想一定洛必达，
拉格朗日天天照，
生活不单调，
道路不凸凹，
f'（心情）>0，
f''（好运）>0，
∑霉运→0，
lim快乐=＋∞[2022][脱单doge]",,一级评论,5,40,2022/1/1 10:58
_-雪花-_,男,"首页通知书
        尊敬的up主，您好，由于您的作品过于出色，现己被放上首页，希望您的作品能做得更好。
                                             bilibili观众认证??",,一级评论,5,49,2020/10/31 9:35
圣诞老人judy,男,"1.2：①收敛数列的极限唯一②收敛数列一定有界③收敛数列具有保号性④收敛数列的任一子数列（无限）收敛与同一极限
1.5:定理1：有限个无穷小的和/差是无穷...",,一级评论,5,12,2024/7/6 21:29
钧沫念,保密,需要同济教材PDF的，推荐一个小程序，可直接免费下载PDF。微信小程序：行思堂,,一级评论,5,12,2023/11/7 20:12
-青此浮挥-,保密,哈哈哈卡在了奇怪的地方,,一级评论,5,12,2023/9/17 23:07
我就是学渣啊,男,我好像截到了一个不得了的东西[吃瓜][吃瓜],,一级评论,4,12,2023/5/24 19:21
祎shy,保密,我们上的相同的大学，听相同的老师的课，就是看不见同学，老师看不见学生。最后还不同时间毕业。,,一级评论,3,12,2022/10/20 15:32
锦依卫李,保密,大一新生表示高数讲的太快，懵逼的很，还好有宋老师不然我铁定完蛋[OK],,一级评论,3,22,2020/11/15 20:16
你的爷爷6,保密,朕的补考大军呢，快来护驾[哦呼],,一级评论,3,22,2022/2/12 10:14
稳健的小东,保密,为了女朋友和我的未来加油[鼓掌],,一级评论,5,48,2020/11/4 21:37
佳佳从小就很可爱,男,上课就开摆，晚自习宋浩[傲娇],,一级评论,6,33,2021/11/2 20:32
音乐鬼才李俊飞,男,哟，彦祖，课听累了来逛评论区啊？[doge],,一级评论,6,33,2021/6/19 20:32
无语静影,保密,"开始时间：6月26日中午12点
结束时间：6月27日下午18点30
开始章节：89章
结束章节：143章
课后题：每章做了一半。
肝：-0.1
脑细胞：xxx
卷值：+++
下一步：配套练习资料+期末测试题（共80页）
时间：7小时
距离考试：40h
剩余任务：数据结构复习（阶段：只剩下堆未进行第一遍复习）
任务内容：1、根据大纲实现代码与理解
2、期末复习题100页
那么古尔丹，（卷的）代价是什么？[微笑]",,一级评论,5,42,2021/6/27 18:24
忘记给花浇水,保密,"听老师讲例题的我：没有人比我更懂高数
写作业的我：阿巴阿巴",,一级评论,6,21,2021/11/29 9:35
柳枝依依,女,嗯...还有几天开学考试，现在开始补[大哭],,一级评论,3,21,2023/2/10 16:57
稍微一笑很惊悚呀,男,在数学课上听网课，结果嫌数学老师讲课声音太大影响自己听网课[微笑][微笑][热词系列_知识增加],,一级评论,5,37,2021/11/4 9:23
暖沐丝岚雾撒南殿,保密,表面上我高数课常年做后排看手机，实则我用手机看小浩浩的视频，期末的时候来一手高数年级第一看你怎么说。这波啊，这波叫扮猪吃老虎(上学期年级第三)[OK],,一级评论,6,37,2021/4/28 18:30
Paimon_114,保密,[doge]挂蝌是一种凶残的两牺动物，它们通常牺息在高等代树，复杂公石附近，它们的出现通常伴随着许多现象，比如你突然间看到不脊鸽，留螳和难鹈。它的天敌只有一个，那就是复蜥，复蜥知了是它的伙伴，它通常会在一个充满了复蜥知了的夜晚大肆捕杀挂蝌，但因为睡懒鲛，打游蜥的大量出现，复蜥现在已经十分稀少,,一级评论,6,32,2021/11/18 8:43
是小K学长,男,拼搏十天 我要上大二[奋斗],,一级评论,6,32,2021/6/21 21:10
逸冰同学,保密,我的天！现在是2023年大年初一13:25此时此刻有192个大卷王还在卷！真的很震惊！祝卷王们兔子年心想事成！学业爱情双丰收！俺给所有童鞋拜年啦！新年好！[福到了][福到了][福到了][福到了][福到了]五福临门来一波,,一级评论,5,32,2023/1/22 13:27
Zemoey,男,想看快点的，可以在电脑端F12调出控制台，输入document.querySelector('video').playbackRate = 2.25，2.25就是你想要的倍数,,一级评论,5,31,2020/6/11 11:27
有趣的哩,保密,好好听课吧，别看评论区了[doge],,一级评论,4,20,2023/10/10 19:39
十万个蛋清oo,女,别往下翻了，你不是还有事要做嘛[tv_微笑],,一级评论,5,22,2023/2/15 15:44
闵SUGA的正席糖,保密,我想问一下，考研看宋浩老师的高等数学可以吗？我同学都在看什么张宇和李永乐和汤家凤[笑哭]但是我还是喜欢宋浩老师的课，不知道考研适不适合,,一级评论,6,20,2022/2/26 9:36
渡过了了,保密,是时候逼一下自己了，一个赞学10分钟,,一级评论,5,1175,2021/12/8 16:52
风影绘秋冬,保密,经典[鼓掌],,一级评论,5,11,2024/8/13 21:25
惊残好梦,男,这是我在ONENOTE上面记的笔记，希望能有帮助,,一级评论,5,11,2023/11/11 8:51
推送导诗,保密,"无限运算法则
①两个无穷小的和仍为无穷小
②有界与无穷小的积仍为无穷小
Ⅰ.常数C与无穷小的积为无穷小
Ⅱ.有限个无穷小之和为无穷小
③limf（x）=A...",,一级评论,5,11,2023/7/24 16:03
IkaLosのスイカ,保密,"  第二类曲面积分用流量来引例没听懂的的同学可以看下我的笔记帮助理解哦[给心心]
   补充：流速v就相当于被积函数，分解成x，y，z三个正交方向就是P，Q，R函数，再乘以与其分别对应垂直的面（即在各个面上的投影△S?）就是分流量，最后把三个方向的分流量加起来就是总流量。
    面积投影△S?的解释：因为Θ是法向量n和流速v的夹角，又法向量n和面垂直，所以与流速v垂直的面△S?=△S·sin<面，n>=△S·cos<坐标轴，n>",,一级评论,6,11,2023/6/12 16:32
写作业_去吧,保密,先生大义啊[抱拳][抱拳][抱拳][抱拳],,一级评论,3,11,2023/5/2 20:57
酒杯种葵,保密,真的很烦刷学校的，只想看视频的相关讲解对你们的学校不感兴趣，一个个考上清华还是北大了吗全村人都要知道你上的什么屁大学[疑惑],,一级评论,4,33,2022/11/30 13:41
SimpleFiona,保密,弹幕里发学校的属实制杖[给心心],,一级评论,5,42,2022/11/10 2:18
听晚街の风,男,这种视频开弹幕只有负面作用  弹幕刷学校多少沾点,,一级评论,6,35,2020/11/2 19:07
林子木hxxxml,保密,高数一次性过的人都给我点赞了！[tv_可爱][tv_可爱][tv_可爱],,一级评论,4,30,2021/12/16 20:22
网友蜜顺柑,男,一进来全是刷人名和学校的让我怀疑他们是不是真正的大学生,,一级评论,6,30,2021/11/4 8:04
卡尔萨斯7,保密,照理来说看这个视频都是大学生 为什么弹幕就跟七八岁一样呢??,,一级评论,5,30,2021/3/28 9:24
友人的咖啡,男,第十章什么时候更新啊,,一级评论,6,30,2019/5/6 9:15
蜜雪冰城反着站,保密,按时间看评论了对吧，开学要补考的人,,一级评论,6,30,2022/2/8 22:18
西呱呱_东呱呱,男,温馨提示，没人关注你是谁上哪个b学校,,一级评论,5,34,2023/1/1 15:07
彻逗_,女,这个可以催更吗[喜极而泣][喜极而泣],,一级评论,6,29,2019/11/5 0:12
一条真正的鳗--,保密,妈耶，还没预习完期末内容就要考试了[doge][doge][doge],,一级评论,5,29,2022/12/11 23:03
很酷不说道理,女,谁关心你是什么学校大几或者高中高几的呢？谁关心你是什么时间在哪看的吗？谁关心多少人一起看吗？还有刷人名的，你觉得你很出名吗，我们看个网课都得认识你是吗？我只想安安静静看个课，我不想知道你那边什么情况。,,一级评论,6,36,2022/2/18 20:09
官场姥爷,女,弹幕发学校发名字的发卷的发xx天考试我祝你们学校年年招生不如一年，你临时抱佛脚考试次次挂，补考挂，重修也挂，我话比较重，因为B站现在学习区风气被你们搞成什么样了[嫌弃],,一级评论,5,36,2022/12/4 13:18
小胖龙旳生活,保密,宋老师，非常感谢您的数学系列视频，它们对我的帮助非常大！上学期高数期末绩点只有3.2，这学期看了您的视频之后绩点4.1！直接干到了全院前五！[大哭]而且高数竞赛也拿到了浙江省三等奖，实在太感谢您了，一言难尽啊！我下学期还有概率论与数理统计要学，加油！！！[高兴],,一级评论,6,33,2021/6/28 16:45
云端羽源,女,"2023.3.1高数上成绩已出，满绩，期末94
感谢宋浩老师和李天意老师的视频，我的高数上半学期最后的不定积分、定积分和微分方程是网课，我没认真听。开学期末考，靠他们，我期末94，加上平时99，期中84，直接满绩！！！
我为宋浩举大旗 看谁敢于他为敌",,一级评论,5,24,2023/3/2 21:10
光的英文,男,"感谢宋老师，寒假结束，提前学完高数下，下学期不用学了，下学期六级考试计算机一二级加油，记录一下，学完高数下，不断学习知识，不断进步，比自己优秀的人很多，我要向他们看齐，虽然高考考得不错，但大学和高中完全不一样，一定要努力自学！！！！！！加油，加油，加油！！！！
为了自己，为了女友，为了家庭，为了让自己更加优秀！！加油",,一级评论,5,37,2022/2/26 18:10
Zyumze,保密,我发布了一篇笔记，快来看看吧~,,一级评论,5,13,2022/9/19 19:58
今天我也很困--,保密,我发现虽然这个视频只能投两个币，但我可以去小浩浩其他视频投币，而且每个视频都给两个币。兄弟们，我做的对吗？,,一级评论,5,28,2021/5/4 23:49
_大胖猫_,保密,谁说宋浩网红老师？黑子说话啊,,一级评论,6,11,2024/1/5 23:36
偶尔也望望天,保密,"学霸复习：温故知新[歪嘴]
普通人复习：查漏补缺[惊喜]
    学渣复习：女娲补天[委屈]
       我复习：开天辟地[囧]",,一级评论,5,28,2023/2/20 21:03
LXWKLXWK,男,2022年12月22日20点08分学习完结纪念。,,一级评论,5,28,2022/12/22 20:09
林兮w,女,第十四周了 要考试了吧 大学生们[福][福],,一级评论,5,18,2023/11/29 19:31
圣人2020,男,"如果看到一大群刷学校年龄年级的，请举报他
弹幕里还有些觉得自己很聪明的“天才”，差不多得了.jpg，不想回应，怕脏了弹幕
请珍惜互联网给你的课程学习的机会，同等的机会以前没有过，以后也可能会消失[无语]",,一级评论,5,27,2021/8/12 18:54
我是白的_,保密,各位刚高考完的，我的建议是这个暑假好好玩，上了大学后有你卷的，没必要这么着急,,一级评论,5,27,2023/6/13 10:45
Xzxchihun,保密,弹幕里发实名开卷和某某学校别卷了的人，其实根本没有人在乎你是谁，你上的什么学校，大家来上高数课都是为了自我提高，如果只是为了自我感动或是在这个平台和自己那个小圈子的人公开聊天很有意思，那我个人建议你这么浪费时间还不如好好去听高数课[微笑],,一级评论,5,57,2022/12/4 10:09
忘却的,保密,谢谢你宋老师，我跟着你学完了高数上和高数下，现在已经成功地转到了汉语言文学专业，再也不学高数了[doge],,一级评论,6,36,2022/1/3 16:59
一衣带水686,保密,是谁上数学课不听老师讲来听宋老师的？[吃瓜],,一级评论,2,10,2024/11/6 10:48
思与在,男,高等数学第九章——重积分归纳,,一级评论,5,10,2024/7/17 14:13
奥德修嗣,保密,[脱单doge],,一级评论,5,10,2024/7/5 11:02
焚琴且煮鹤,男,一个赞学一个小时，助力每一个梦想,,一级评论,5,165,2022/2/28 17:10
方佳佳丶,男,"你有很多事放不下？
学高数要潇洒一点，
研究一个函数，未必一定要它极限存在且连续，
我喜欢罗尔定理，未必要用它算微分中值，
我喜欢相似对角化，难道要用它求矩阵高次幂，让它来难一难我，
我喜欢排列组合，难道要列每一种排列方式，来浪费纸，
有时候学太多解法是会失去自我的，
轻轻的我走了，
正如我轻轻地来，
挥一挥衣袖，
写不出一道大题。",,一级评论,5,26,2022/3/12 14:58
鲨鱼永不be,保密,我变强了也变秃了[微笑],,一级评论,6,34,2019/4/9 15:44
拒绝のお風呂,保密,[tv_鬼脸]数学[tv_鬼脸]嘿嘿嘿[tv_鬼脸]数学[tv_鬼脸]嘿嘿嘿[tv_鬼脸]数学[tv_鬼脸]嘿嘿嘿[tv_鬼脸]数学[tv_鬼脸]嘿嘿嘿[tv_鬼脸]数学[tv_鬼脸]嘿嘿嘿[tv_鬼脸]数学[tv_鬼脸]嘿嘿嘿[tv_鬼脸]数学[tv_鬼脸]嘿嘿嘿[tv_鬼脸],,一级评论,5,25,2021/10/19 19:13
慕凌不是穆棱,男,播放时长，即将封神,,一级评论,5,25,2023/6/26 22:50
沉思录常青树,女,谁能救救开学考的大学生啊啊啊啊啊啊啊啊啊啊啊啊啊啊,,一级评论,3,25,2023/2/3 15:19
我是你本人,保密,学费白交，最终都是来这里学习[未定事件簿_吸氧],,一级评论,6,25,2022/11/1 20:00
ssolitude-jx,保密,"我真的神烦那些刷xxx,别学了，你学不会的这种弹幕，我不知道性格有多扭曲的人才能说出这种话，看到别人一点一点进步对你来说很煎熬吧...??",,一级评论,5,37,2022/3/12 17:17
本琦琦鸭,保密,感谢老师,,一级评论,5,12,2024/3/13 0:48
Thog_,保密,我 开弹幕 不是为了看你读哪所大学、什么时候考试、叫什么名字的好吗？！,,一级评论,5,22,2022/9/25 20:05
晚饭藏锅里,保密,这个视频每天几万几十万的播放量增长归功于每一位火箭速度上课的高校数学老师,,一级评论,6,29,2021/10/20 16:05
栀初一L,女,为什么上热门妈耶，这么多人这就期末了？！,,一级评论,5,20,2020/11/27 1:28
今天也没早八,男,上课晕乎乎，下课蹦蹦跳，干饭嗷嗷叫，考试死翘翘[OK],,一级评论,6,24,2021/12/10 9:07
シ彩虹糖ザ,男,2023年10月12号20:03，有3000+人陪我观看[怪怪小黄豆_脸红],,一级评论,5,24,2023/10/12 20:04
月隐时现星,保密,？这个点为什么有八百多人在看，考研这个点开高数明显晚了，大一补考高数又太早了，难道是准大一在学？？？？,,一级评论,6,24,2023/7/31 17:05
Toba-果子,保密,"老师说考试一定会考的公式
台下：[哈欠][哈欠][思考][嘘声]
当老师说起他十年前的感情经历
台下：[微笑][微笑][微笑][微笑]",,一级评论,6,28,2021/11/17 11:27
揉揉兔毛,女,上课疯狂走神，下课狂补，服了我自己了,,一级评论,6,28,2021/10/25 20:43
揉揉兔毛,女,上课疯狂走神，下课狂补，服了我自己了,,一级评论,6,28,2021/10/25 20:43
晟evil,保密,可能就你们这种水弹幕的把之前大佬的讲解刷没的，吐了,,一级评论,4,28,2021/4/6 17:00
大鸡冻_,女,十点高数，临时抱佛脚[保佑],,一级评论,6,16,2021/12/10 7:43
柚子糖Ong,保密,现在开始学习高数下，周日上午考试，绝对不让自己挂科！！！绝对不可以！！！！,,一级评论,5,16,2023/6/22 15:47
是颜柒嗷,女,谢谢宋老师(来自期末考变开学考的苦命人）[粉红兔子_真诚],,一级评论,5,16,2023/1/17 18:44
valordc,保密,发名字的，表白的，不让人家学习的，你们都好烦啊，弹幕乌烟瘴气,,一级评论,5,26,2022/11/9 11:32
Naimmmmmz,女,求求各位，别再糟蹋弹幕了，你开卷就开卷，为什么一定要讲出来，还有xxxxx大学的，你报出来真没人关心你，每当我有问题打开弹幕的时候，看到一堆无用弹幕真的心烦,,一级评论,6,26,2023/11/29 11:19
防抖的猫,男,别往下划拉了，冬奥会滑雪运动员都没你能滑，还不如借这个时间刷几道题[doge],,一级评论,5,43,2022/2/11 12:36
楼道上的黑猫,男,曲线曲面积分，老师救救我,,一级评论,6,31,2019/5/1 12:39
高启强不叫咖啡,男,谁能安慰我一下，我硕导出家了,,一级评论,4,19,2022/12/4 13:30
无可奈何花落去-_-,保密,我发布了一篇笔记，快来看看吧~,,一级评论,2,9,2024/11/19 20:24
tjh369,保密,是你吗老师,,一级评论,2,9,2024/11/13 15:34
整活啊TMD,保密,来现场听了,,一级评论,4,9,2023/10/15 19:40
缄默的云NLC,保密,"22:13 


定义域的写法
23:27 值域的写法
29:39 非空集合Y不一定都用上
32:08 满射

32:16 单射一夫一妻（不一定满射
35...",,一级评论,5,9,2023/9/6 17:30
時間的好朋友,男,居然一亿播放量了！大一疫情在家看宋浩老师的高数课程，当时只有几十万播放量，当时宋浩老师的粉丝量和播放量都不如另外几个老师。一转眼就要毕业了，时间真快啊。,,一级评论,6,9,2023/5/10 3:13
Kis-My-Ft23,男,宋浩老师也是小黑子，本来挺喜欢老师的。,,一级评论,6,12,2023/4/25 16:07
追风人物,男,"积分消分子
函数展开幂
已有的
一般用间接展开法----------利用已有的
例题 

例题二

例题三
例题四
向量模--两点间距离---单位向量
点...",,一级评论,5,9,2023/3/24 16:52
Shield哈士奇,男,有的弹幕看了这么多真是受不了,,一级评论,6,25,2023/1/4 15:52
大大泡泡糖-_-,保密,椭圆沿Y轴X轴旋转想象不出来的可以看上面的两张图[分别是沿Y轴旋转（左图）和沿X轴旋转（右图）],,一级评论,4,9,2022/10/24 18:38
Ncks丶,保密,"26:20 和差化积公式
11111111111111111",,一级评论,6,9,2022/10/20 9:14
小Z同学jiN,保密,那些说谁谁谁别卷了的是不是有bing,,一级评论,5,29,2022/5/28 17:07
人多勿至,男,谢谢老师，已经考上清华了,,一级评论,6,27,2020/11/15 11:40
梓杉彬钐,女,不是很理解那些边看视频边发自己学校名字的是怎样一种学习状态,,一级评论,5,27,2022/10/11 20:03
轻舟伴雾月丶,保密,"“你在干啥呢？”
“看电影”
“什么电影？谁演的？”
“定积分的换元法，主演 宋浩”[doge][doge]",,一级评论,4,23,2021/8/1 11:32
-我不是神人-,男,这几天正愁高考成绩会考咋样 确实有点失眠。。想着提前预习一下大学数学，看了半个小时打了十多个哈欠哈哈哈哈哈[doge],,一级评论,6,23,2021/6/17 15:22
SH痛殇,保密,果然一开学这个视频人就多了，没猜错的话现在是上网课吧？,,一级评论,5,23,2021/3/1 10:07
2IVVS,保密,我啪一下就是一个二重积分资源找到了，很快啊，然后就是一个定义，一个性质，一个计算，我全都忍下来了啊，然后我把鼠标放到了1.5倍速上，我笑一下，没有点，因为按传统学习方法自然是点到为止，UP主也承认，是他只有三个二重积分视频的问题。然后就是80分钟的二重积分计算，我大意了啊，没有忍，点了一手2倍速。我说停停，他说对不起他视频时长是乱安排的，他可不是乱安排的啊，24分钟、14分钟、1小时20分钟，训练有素，一看就是有bear来。我说up主你不讲武德，来，骗，来，偷袭！我一个学概论的老同志，这好吗？这不好，我希望up主回去耗子尾汁，好好反思，不要再犯这样的聪明，小聪明，学习要以和为贵，要不搞时长诈骗，谢谢朋友们！,,一级评论,5,23,2020/11/11 19:22
快乐最重要666666,保密,老师，能讲一下由参数方程所确定的函数的导数这部分吗？,,一级评论,3,23,2020/11/4 9:57
玄冰同学,保密,1000+晚自习是吧[doge_金箍],,一级评论,5,23,2024/9/29 20:33
逸噫曦,保密,大一学生挑战最后两星期学完上册所有知识点[笑哭],,一级评论,4,26,2023/12/3 19:40
Ay不错呦Jay,男,这么多人在线，想必马上期末了吧[doge-圣诞],,一级评论,5,22,2020/12/20 15:47
lyq12_,保密,众所周知，我在b站读大学[笑哭],,一级评论,5,22,2020/9/27 9:38
peace1q1,保密,观前建议屏蔽关键词（无人在意你是哪所大学）,,一级评论,3,9,2024/9/18 14:12
少陵原_,男,老师，你把凹凸性漏掉了,,一级评论,5,22,2019/11/27 21:14
Kissapig,保密,《关于我凌晨4点查到我高数挂科后睡不着于是开始看高数这回事》,,一级评论,5,22,2022/7/8 4:13
dengzhiyong768,保密,"突然想起来一件事，前几年在工作中遇到一个问题，问题的大意是根据产量预测某汽车装配车间的能源消耗，结果分析发现是个线性回归模型，也就是 y=kx+b ，输入的是在历年的产量Xi与能耗量Yi，根据这组数据，可以得到 经验公式中的 k与b，公式如下：
	k =[(X1-X)(Y1-Y)+(X2-X)(Y2-Y)+...+(X2-Xn)(Yn-Y)	 ] / [(X1-X)^2+(X2-X)^2+...+(X2-Xn)^2)	 ] 
	b = Y-k*X 
当时就想了解这个公式是怎么得来的，于是上网看了大把资料，发现如果是中学水平的，推理过程相当复杂也不好理解，反正我是看不下去了，而有些资料则直接用 求最小二乘的 最小值来得到 k 与 b，而求得最小值就得对 k 与 b 分别求得偏导数，当其偏导数分别为0时，最小二乘有最小值，此时的k 与 b为所求。

因为对这个偏导数 不太理解，所以对这个公式的来历也一直耿耿于怀，还是最近看了宋老师讲的多元函数偏导、求最小值才理解上去的。
在这里要感谢宋浩老师的分享！",,一级评论,4,15,2022/1/14 15:16
不知道起啥名字我,保密,大家觉得宋老师讲的好的话就听，没必要把自己的数学老师拿出来比较，当然我也觉得宋老师讲的很好，但我并不觉得自己的老师不好，也不希望大家贬低吐槽自己的老师，因为每一行都不容易，在座的以后要是考教资的以后可能也会当老师，难道你就一定觉得自己教的能比自己的老师好？也不见得吧！未做一件事就不要去贬低去做那件事的，我知道大家也没恶意，但我觉得老师们看到会难过失望的，最后祝大家学习顺利，祝我们都能考出好成绩,,一级评论,3,15,2021/12/24 18:03
#NAME?,女,很好，上次还是1.3亿，现在就变成1.4亿了。期末周大学生的力量是无敌的[灵魂出窍],,一级评论,5,15,2024/1/9 14:34
一戈而止,保密,"?对于“头小屁股大”的式子需要将其化为“头大屁小”，然后变成各分数和的积分。
?联系积分公式进行拼凑（熟记积分公式！）
?三角函数相关积分：偶次的用...",,一级评论,5,15,2023/6/16 2:15
冗晨昏,保密,无所谓，上个学期好不容易看了一半教程，我会在开学前几天重新从头看[奸笑],,一级评论,5,15,2023/2/8 7:56
珍贵收藏,保密,哟，各位大学生都来迎战期末考的吧,,一级评论,5,15,2023/1/30 10:23
尐莯芑rz,保密,看到这么多人陪我学不定积分我就放心了[doge],,一级评论,4,15,2022/11/24 20:33
别让我评价你,男,服了，这些弹幕全是在那实名开卷啥的，没有人在乎你学不学，挡着那些问问题和解决问题的人，这么喜欢在网上找存在感咋不在现实里真正行动起来，走出宿舍去图书馆？[热][热][热],,一级评论,5,27,2022/11/9 12:41
coIourfuI-,男,哪些在弹幕里面刷学校，耍名字的，没人想看这些，学习视频里面好好讨论学习不行吗？你刷这些有什么意义呢？只会给后来的同学带来不便！,,一级评论,6,25,2021/10/25 11:36
小新_而已,保密,https://www.bilibili.com/video/BV1UW411k7Jv?p=31有理函数的积分,,一级评论,5,25,2020/9/15 10:26
程门吹雪,保密,12-10后面的呢，没有傅里叶级数我要死了,,一级评论,6,25,2019/6/18 16:41
CSQNnnnn,男,哎，真是，弹幕能别发什么某某某来卷，几点还有人卷啊之类的，你卷就卷，别发好吗。这里的弹幕不是用来比学校，自己的，是用来互帮互助提升自己,,一级评论,5,23,2022/11/2 19:48
Myphispwxczo,保密,能不能别叫人别学了，很恶心的啊，进来不都是为了学高数吗？某些弹幕一直说xxx别学了，你能不能别活了啊！！,,一级评论,5,25,2022/1/25 10:00
废人间,保密,看到我你的高数就已经过了[狗子],,一级评论,5,21,2022/1/11 15:35
元初丨彻,男,点赞的人，期末不挂[doge][doge],,一级评论,5,21,2021/12/17 21:34
间仇多康,男,大一新生，不想一直在宿舍玩提前学,,一级评论,5,21,2021/9/4 11:07
阶前听雷,男,现在还在看的一定是马上开学要补考又一个暑假没复习的人吧[doge],,一级评论,5,21,2021/8/26 21:48
yukii11_,女,还有七天开学，只有我一个人是为了要补考所以看的吗[囧],,一级评论,5,21,2021/3/1 20:04
账号已注销,保密,！！！！高等数学B站热搜第二？？,,一级评论,0,21,2020/11/27 15:37
不想修拖拉机的格乔西,保密,看了最近刚更新的视频，感觉宋老师相比开始的生龙活虎，多了不少沧桑，感觉宋老师好像有点累。宋老师，保重，喜欢你的课。,,一级评论,5,21,2020/10/10 11:13
厂长工程师,保密,这么说，大家都是同学了对吧[doge],,一级评论,6,21,2020/9/9 10:54
响指xz_z,保密,哈哈哈看到弹幕里有人说，宋浩老师，姓宋名浩字可微 哈哈哈哈xsl,,一级评论,5,21,2020/8/18 21:10
酒至清,男,高数老师推荐给我们看的，哔哩哔哩真正的学习网站[doge],,一级评论,6,21,2020/3/1 18:16
诸葛上任,男,怎么一到晚自习观看人数就暴涨[doge],,一级评论,5,21,2023/10/10 20:06
澎湃_宁大师,男,有像我一样正在上高数却因为听不懂而在下面偷偷刷宋浩老师的吗[藏狐],,一级评论,5,21,2023/10/10 8:27
z佐_,男,如果以后按照时长排名，这个直接就第一了[脱单doge],,一级评论,6,21,2023/6/28 7:24
SFS-瓦特屑,保密,如果改了估计会是b站播放分钟最多的视频了,,一级评论,5,21,2023/6/27 18:17
XKer_,保密,哈哈哈宋浩老师视频起飞了，要改成视频时长了,,一级评论,5,21,2023/6/27 0:38
一起去听流星雨,男,通过这个暑假的学习，我发现宋浩老师真的是一位不可多得的宝藏老师。他是我在B站上见过的最尽职尽责的老师，为了在这个免费公开课的领域成为专家，他愿意投入成千上万个小时去录制视频，甚至还会对一个不小心写错但又无伤大雅的数学公式进行专门的修正，所以听他的课程就相当于节省了大量的时间。听宋浩老师的课程还非常有意思，你会经常听到一些有趣的故事，它们往往也会对一个大学生产生不小的启迪。还有，宋浩老师十分难得地做到了深入浅出，这对我们这些大学生进一步学好数学起到了积极的引领作用。可以说，宋浩老师一直是我非常关注和钦佩的数学老师。我希望更多的同学能够像我一样，在宋浩老师的帮助下，通过学好数学，能够让自己走向更高的平台，也让世界认识到我们的实力！[打call][打call][打call],,一级评论,5,21,2022/8/8 14:02
咆哮之言,男,上课就上课，在弹幕里乱发自己或者同学名字的不管成绩行不行，都是纯纯的沙口[吐],,一级评论,6,29,2022/4/27 11:01
数论菌好可爱,男,高三稳在670+了，听点高数长长见识[脱单doge],,一级评论,6,21,2022/2/9 22:15
甜食什么的最喜欢啦,男,挂科狗报到,,一级评论,6,21,2022/2/6 21:18
hust_y,男,今天吃完饭，我妈说你都在家玩了几天了，起码学一下习吧，我于是信心满满给老妈说：好的，我这就听会网课。于是我打开宋浩老师的网课，听了一会，我正专注，突然我妈妈把我房间门踢开：你明明是在听相声，哪里是在上网课，你这个孩子一天到晚就知道玩，现在竟然还学会骗人了，我真是对你太失望了！！！于是老妈摔门而去，留下我一个人在房间里，这时委屈的泪水从我的脸颊流下，一呜呜呜[大哭][大哭][大哭],,一级评论,5,21,2022/1/27 14:53
刘定邦邦,保密,看见要死人的进度条时，不要怕，准了有故事,,一级评论,5,14,2020/6/26 17:00
imme313,保密,补考大队来也,,一级评论,4,14,2024/2/19 18:38
艺术可以搞但是没必要,女,没看懂泰勒展开在干吗为啥要那样做的可以瞅瞅我的笔记，一个大佬的思路，感觉很好懂,,一级评论,5,14,2023/11/8 20:17
酒徊,保密,真的感谢宋浩老师在bilibili发布的课程，我高中偏文但是大学是理工学科，周围同学的理科思维很明显比我思考的更快正确率更高，老师讲的很细节，解答了很多疑惑，我也对着一遍又一遍看，高数上考了60高数下考了75，成绩并不出色，但我很感激也很知足，高中日复一日在数学上的挫败让我对这门课产生了特别重的自卑心理，当初知道要学高a感觉天都要塌了，都要默认自己肯定会挂科了，抱着试一试听了老师的课，才有了现在的成绩，虽然理解的还是很笨拙，但我不像高中那样怯弱了，以后的专业课我也会努力再努力想办法跟上的,,一级评论,6,14,2023/8/21 20:33
玉面狐狸L,保密,感谢宋老师！！！！期末高数98[大哭][大哭],,一级评论,6,14,2023/2/18 12:02
栉风qvq,保密,快考试了 开始预习,,一级评论,5,14,2022/12/9 15:55
榛子也要加油,保密,无语了谁发明的开学期末考,,一级评论,3,21,2023/2/12 17:27
AT核心kokoro,男,有高考完过来预习的吗[doge],,一级评论,6,24,2021/6/13 19:28
一短两长,保密,谁能告诉我这是什么情况,,一级评论,3,8,2024/5/16 0:51
星河长明sm,女,笔记,,一级评论,5,8,2024/3/20 14:41
梦鱼只余余梦,保密,家人们谁懂啊，暂停了一下看到了什么不得了的东西[doge],,一级评论,5,8,2024/2/29 10:29
长乐恭良,男,"想提醒一下弹幕的小可爱们[笑]，看高数的时候，没有人会在乎你叫什么、来自那个学校、爱哪个小**、是不是在卷、是不是校草校花，更别总是提醒谁谁谁别卷了[辣眼睛]！我更关心你几岁啦？有没有妈妈？有没有智力障碍？有没有分手？
入站的时候是没人看过弹幕守则吗？不知道文明弹幕吗？别太幼稚好不好？",,一级评论,5,20,2024/2/2 9:53
香草犹配美人腰,保密,一目了然,,一级评论,5,8,2023/10/25 20:26
怎么了么qLq,保密,复习时，我看题的表情和考试时题看我的表情:,,一级评论,5,8,2023/10/24 19:25
nam-iy,男,高考完的不知道哪所大学的大学生自学开卷[脱单doge],,一级评论,4,8,2023/6/15 7:40
松坂砂糖ょ,保密,"没人在意你是哪个学校的；
没人在意你现在是什么时间，在哪；
没人在意你的名字，不在意你是不是实名开卷；
没人在意你同学的名字或者首字母；
没人想让你劝他别卷了；
没人在意你在弹幕里面对谁表白；
没人在意你是不是因为翘课才来听的；
没人在意你完事了奖励自己干什么；
总之各位学霸，宁憋搁那刷你那没用的存在感了，开个弹幕想看看有些解释结果全是这些[给心心][给心心]",,一级评论,5,28,2023/5/17 22:55
契雨痕,保密,这节已看了20:03,,一级评论,5,8,2023/3/20 16:09
any波特,保密,大家加油！！！！！！！！！！！！！,,一级评论,5,8,2023/2/8 22:09
芝士肉松咸法棍,保密,"23:45 泰勒公式常用表达式
对于方便记忆，可以通过前几章积累的无穷小记忆
如sinx是x等价无穷小，再记忆单次项反复加减出现，cosx同理
08:04...",,一级评论,4,8,2023/2/5 3:26
生活真是太艰难了,男,此刻是2023年2月初，应该有很多即将开学的大学生在为考试而补课吧[doge],,一级评论,5,20,2023/2/5 0:07
66494284499_bili,保密,我发布了一篇笔记，快来看看吧~,,一级评论,2,8,2023/2/2 23:08
R136a7,保密,还有一个星期考试，现在学来得及吗,,一级评论,3,8,2023/2/1 22:40
rain_kaze,男,高数考试改到下学期了，摆了一个月，不能再摆了!!,,一级评论,5,20,2023/1/12 22:29
划水佬-Atul,男,"/*函数&极限*/
//映射与函数
映射：X{}、Y{}非空集合，有法则f对X中每个元素x都有唯一的y与之对应。（定义）
f即为一个映射，记作f：X-->...",,一级评论,5,8,2022/12/24 3:56
白乡黑城,保密,烫知识：没有人对你哪个大学哪个专业感兴趣，更不想知道你哪个朋友的名字，不要在弹幕刷屏，太招人烦了,,一级评论,5,24,2022/12/16 3:54
12-一,女,建议开个追番键，以后不用点进来找上次看到哪了[三星堆],,一级评论,5,20,2022/11/6 16:39
一宇绝判,男,坚持打卡2022年10月19日20：11,,一级评论,4,8,2022/10/19 20:21
Bonny_you,保密,22级新生的我在上数学网课时偷看宋老师的课，因为真的真的真的听不懂我们老师在讲些什么，就是PPT一个劲儿地翻[捂脸][捂脸][捂脸],,一级评论,2,8,2022/9/25 12:12
有质量的中微子,保密,没有人年年看看宋浩，但只要高等数学存在就年年有人看宋浩,,一级评论,5,20,2022/3/27 13:45
柒染_NULL,保密,"噫吁嚱！危呼难栽！高数之难，难以上青天！求数及微分，握笔何茫然。尔来四万八千课，不与高数通恍然（指恍然大悟）。西当教室有学霸，可以刷完题万千。躺平摆烂学渣死，然后挂科补考相钩连。上有微分方程之高标，下有多元函数之回川。学神学霸尚不易做，学渣欲摆愁挂科。高数何难难，十题九错萦岩峦。执笔看题仰胁息，以手扶额坐长叹。
     高数之难！难于上青天！
[热词系列_知识增加][热词系列_破防了][热词系列_泪目]",,一级评论,5,20,2022/3/8 9:15
丁谷千吸,男,谁说开学补考的～不算英雄[傲娇][傲娇],,一级评论,5,20,2022/2/12 14:07
小草两寸半,保密,欸为啥没有收敛这部分的内容哒？,,一级评论,6,23,2019/11/6 20:47
小草两寸半,保密,欸为啥没有收敛这部分的内容哒？,,一级评论,6,23,2019/11/6 20:47
林子木hxxxml,保密,《关于期末考试提前两周，狠学高数的我这件事》,,一级评论,4,19,2021/12/15 19:19
账号已注销,保密,谁在期末预习,,一级评论,0,19,2021/12/11 15:09
励志的龙哥,保密,"我是一个数学基础差的软件开发人员，一切从零开始，高数自学了第五遍，终于有所收获。为了告别曾经工厂搬砖的日子，我自学了C语言，Java，c++,c#,高等数学，大学物理，通信原理，电子对抗原理技术，航空机载设备，通信对抗原理，信号与系统，雷达对抗原理，计算机网络，计算机系统，算法与数据结构，大学英语。一切从零开始，我坚信科学的光芒必将战胜人生的黑暗。",,一级评论,3,19,2021/10/27 21:22
早濑沐歌,男,中秋大家也在认真学习啊。加油,,一级评论,5,19,2021/9/21 9:29
星海鲸梦233,男,如果今晚23时49分12秒打开高等数学宋浩的《复合函数求导法则》，你就能在零点准时看到老师在黑板上画了一个大叉说：这些统统不用学[doge],,一级评论,5,19,2023/12/31 13:09
听秋晚,保密,一到晚自习就2000+人观看[笑哭],,一级评论,6,19,2023/9/24 19:31
Hog_Willimas,保密,2023年了，22届考生释怀了吗[墨镜],,一级评论,6,19,2023/6/8 9:42
了不起的史啊比,保密,班里人老是卷我，我?受不了啦，我安师大杨鑫实名发誓，现在开始用生命卷，如果我没保研，我直播练葵花宝典！！！[小电视_好怒啊],,一级评论,5,19,2023/3/20 20:24
HackerW_,保密,开学期末考，很有趣，人快死了[傲娇],,一级评论,5,19,2023/2/12 21:06
illusoryyyy,男,不会有兄弟这个点在这女娲补天吧[doge],,一级评论,5,19,2023/2/11 21:35
Zhrtyl,男,大一新生自习室学习举个手[doge],,一级评论,5,19,2022/9/11 15:54
11-033,保密,"你们的大学都好好啊[跪了]
如果我也健健康康我是不是也可以去那样的学校",,一级评论,5,16,2021/11/21 20:07
账号已注销,保密,"寒假第十天，高数学习打卡第一天（羞愧）
坚持学下去！毕竟是发过誓的！[打call][给心心]",,一级评论,0,13,2022/1/22 16:57
依音缘,保密,2023.10.19第十一次打卡[洛天依9th_资词],,一级评论,5,13,2023/10/19 19:26
清婉ovo,女,来还愿了，高数下考了92，谢谢宋老师您的大恩大德我永生难忘阿——[大哭][大哭][大哭],,一级评论,6,13,2023/6/13 15:53
无言的局外人,保密,"妙用正则屏蔽弹幕(虽然个人更建议直接关弹幕看，除了少数顶部对概念的解释几乎全是没营养的)

1、屏蔽问号怪、句号怪、震惊怪（不会误伤）
/^【?？ ??、\.…。!！\,，】+$/

2、屏蔽有人吗、前面别走系列（一般不会误伤，可能遗漏）
/(\d|另外|前面)的?.{0,8}你?们?(有没有|有人|好|站住|别走|笑死).?(啊|阿|呀|吗|啦)?【?？ ??\.…。!！】?$/

3、屏蔽日期
不会误伤，可能遗漏：
/\d{2,4}【年\-\.\/】\d{1,2}【月\-\.\/】\d{1,2}/

基本不会遗漏，可能误伤""3-2-1""这样的连减组合：
/^(【\d一二三四五六七八九十零〇】{1,4}【年月日\-—\.。\\\/】){2,}/",,一级评论,6,19,2023/4/6 13:38
噗嚓噗呲,保密,无论我什么时候看总有1k+的人在和我一起学高数哈哈哈哈哈哈哈哈,,一级评论,4,13,2022/10/13 19:49
盼盼小面包___,保密,为什么现在都有1000加的人再看[灵魂出窍],,一级评论,6,13,2022/9/13 19:43
三十二亚,保密,上学期期末93分来还愿[给心心]顺便提醒一下同学们只看课是不行的，宋老师的讲解通俗易懂，但也只是让你更好地理解了概念和题目，还是要做一定量的习题和课后总结(我这种数学笨蛋就只能不断做题改错再错再改)只有自己会用了才能算学会、祝大家期末都过！,,一级评论,5,13,2022/2/23 20:34
ddvpp,保密,高数上下考试分数都是99，感谢宋浩老师??,,一级评论,5,18,2021/8/12 21:17
GHD七橙,男,上课玩手机，课下看宋老师，是我没错了[doge],,一级评论,6,18,2021/3/7 10:57
Gladston,保密,大一刚开学不久，学校老师感觉不咋地[捂脸]，刚刚学到函数的极限，从今天开始跟课。兄弟们一起加油啊！！！！！！[打call],,一级评论,6,18,2020/10/7 14:09
伽马幽灵,保密,建议添加屏蔽字/词：学、卷、来了、报到、妙、哈、校、院、专,,一级评论,5,18,2024/7/7 17:09
喜欢得要死,保密,高数挂了，寒假恶补[大哭][大哭][大哭][大哭][大哭][大哭][大哭],,一级评论,4,13,2024/1/20 20:19
无敌霹雳啪拉暴龙战神,女,各位女娲都是来补天的吗[脱单doge],,一级评论,5,18,2023/12/19 21:36
烟波_ssh,保密,刚刚高考完，闲着无聊，一个赞学一课[doge],,一级评论,3,16,2023/7/3 16:59
0八奈见杏菜0,保密,c?m的，弹幕发什么学校专业名字，没人想知道你是干啥的,,一级评论,5,19,2023/6/5 10:50
火曜星烁,男,"B站目前的3个破亿视频：
第1次破亿[热词系列_仙人指路]：2021年6月13日：BV1j4411W7F7
第2次破亿[念诗之王]：2023年1月11日：BV1bW411n7fY
第3次破亿：2023年5月11日：BV1Eb411u7Fw",,一级评论,5,19,2023/5/13 11:18
无言的局外人,保密,"妙用正则屏蔽弹幕(虽然个人更建议直接关弹幕看，除了少数顶部对概念的解释几乎全是没营养的)

1、屏蔽问号怪、句号怪、震惊怪（不会误伤）
/^【?？ ??、\.…。!！\,，】+$/

2、屏蔽有人吗、前面别走系列（一般不会误伤，可能遗漏）
/(\d|另外|前面)的?.{0,8}你?们?(有没有|有人|好|站住|别走|笑死).?(啊|阿|呀|吗|啦)?【?？ ??\.…。!！】?$/

3、屏蔽日期
不会误伤，可能遗漏：
/\d{2,4}【年\-\.\/】\d{1,2}【月\-\.\/】\d{1,2}/

基本不会遗漏，可能误伤""3-2-1""这样的连减组合：
/^(【\d一二三四五六七八九十零〇】{1,4}【年月日\-—\.。\\\/】){2,}/",,一级评论,6,19,2023/4/6 13:38
高压猪,保密,巧了，我大一，我上学期期末没考，开学考了。准备一下[大哭],,一级评论,5,18,2023/2/7 16:44
Tiana-susie,女,开学期末考，我需要在两个星期高数速成[灵魂出窍],,一级评论,6,18,2023/1/31 23:38
爱吃甜甜圈的吸血鬼,保密,大一生，摆了一学期，来补习了[doge],,一级评论,5,18,2022/11/14 11:37
山内无樱良,男,我是真的受不了啊，我是来听课的，但为啥总有人全程在报学校啊，真的服，好像不知道你们上了大学一样,,一级评论,4,19,2022/10/31 14:34
Moray__,男,好好听课，别按时间顺序看评论了[脱单doge],,一级评论,5,18,2022/5/5 19:33
Ctrlkkie,男,幸福是可积的，时间是可微的，所以我对你的祝福是连续的!是罗尔定理所不能证明的，是拉格朗日无法求导的，又因为记忆的曲线是凸的，思念的曲线是凹的，所以忘记你的点是不存在的，综上，快乐是收敛的，等待是唯一的，爱你是一定的。,,一级评论,6,18,2022/3/24 12:41
小李又菜又爱玩,保密,山西某大专生，希望通过专升本改变命运,,一级评论,6,18,2022/3/18 9:14
无事袖手谈心性,保密,于晏，还翻呐，听课！[doge],,一级评论,5,12,2021/12/13 12:08
清觅兰竹,女,在数学课上听宋浩老师的课，被逮到了[囧],,一级评论,5,12,2021/12/9 9:17
taytay呐呐呐娜儿,保密,嘻嘻评论区小伙伴们的好运马上要考试啦 希望能考75分以上,,一级评论,3,12,2024/1/1 19:52
taytay呐呐呐娜儿,保密,嘻嘻评论区小伙伴们的好运马上要考试啦 希望能考75分以上,,一级评论,3,12,2024/1/1 19:52
无法拭去的烙印,男,观前提示：没人在乎你是哪个学校的，没人在乎你叫什么名字，没人在乎你卷不卷，没人在乎你有没有好好学习，请不要把这些与高数课堂无关的事情发出来刷存在感，体现自己的优越感。,,一级评论,5,22,2023/11/30 10:40
谢小板xx,女,以前看一数，现在来看宋浩老师[脱单doge][脱单doge],,一级评论,5,12,2023/9/17 16:52
梨花夢啼,女,高考考完结果发现七月底才18岁…别人全去学考驾照，我跑到这里学高数[辣眼睛],,一级评论,6,12,2023/6/14 14:51
雨季不再来----,女,万万没想到啊，破亿的不是梗视频，居然是高等数学[笑哭],,一级评论,6,12,2023/5/12 11:21
麦粒麦粒吼,女,高数98分过，回来感谢宋老师    新学期继续加油[给心心][给心心],,一级评论,5,12,2022/9/27 15:38
只想睡觉不上学想睡觉,男,请各位少发点什么大学报道无意义的弹幕吧，把空间真正留给有意义的弹幕吧,,一级评论,5,18,2023/6/22 11:51
不是咸鱼啊啊啊,男,人越来越少了，真羡慕放假的人[妙啊],,一级评论,6,17,2022/1/4 11:41
可可可吧,女,是谁明天考试，今天还第一次学，我不说,,一级评论,4,17,2021/12/27 23:11
张起灵的幸运,保密,从开学到现在没听过课，还有一星期考试，我能补完吗,,一级评论,5,17,2021/12/22 19:54
瓶云,男,看到最后感觉和补完了一个老番一样，满屏幕的完结撒花，想到一年来靠着宋浩老师的陪伴走来，心中甚是感慨[大哭],,一级评论,6,17,2021/6/13 17:27
SolitaryheartF,男,我数学不好，刚刚高考完，跟着up学学。希望自己能坚持下去！,,一级评论,5,17,2021/6/10 15:46
岁黎y,保密,弹幕全是自报家门的，回答和其他人的提问都看不见,,一级评论,2,12,2024/11/10 19:13
白九火,保密,晚自习偷偷卷，结果一抬头发现全在看，还tm跟我看的同一节[妙啊]只能说每年9月下旬你都会看到几千人在线观看[妙啊],,一级评论,4,17,2024/9/25 19:32
也为晚霞停留,保密,"首先恭喜宋浩老师喜提百大
其次我说明一下我的情况，高考选了个差不多的一本重本软件工程，但是是师范院校，我在攻读不到一年软件工程后，毅然决然转到了数学系，师范数学，在大一也就是2022年，我两次期末都看他的高数和线代，受益匪浅，每次都是90+，宋老师救我狗命，听他的课没错，认准他就行了，当然事实证明一切，全国好多学子都在听他的课，我当时也是从学长口中得知的他，讲课内容来说，详略得当，内容完整，讲的十分透彻，在第二次女娲补天的时候，我听他的课就感觉十分安稳，知道听完考试就能90+甚至100，他真的是我人生的一个贵人，当然还有一点，他的数学分析有点草率，当然就我个人而言，可能每个学校的着重点不同，无可厚非，在最后，祝愿在座的学子前程似锦，学业有成。三连送上（其实我早就三连了，这是告诉你们的）[脱单doge][脱单doge][脱单doge][脱单doge]",,一级评论,5,17,2024/1/2 17:32
嘿呀哈唬,保密,谁和我一样，B站年度报告里是宋老师[大哭][大哭][大哭],,一级评论,4,18,2023/12/28 18:20
suannai_868,保密,1.1亿，再乘以分钟数，终极镇站之宝,,一级评论,6,17,2023/7/1 12:02
烟雨一笠,保密,开学期末考[灵魂出窍],,一级评论,4,17,2023/1/30 19:28
-龙年行大运-,男,怎么回事，每年这个时候都这么多人[doge],,一级评论,6,17,2022/12/5 10:49
西露汨娅sakula,保密,还有12分钟考试，现在学还来得及吗？,,一级评论,5,17,2022/11/4 11:03
hello77-_--_-77,保密,有没有人可以教教我，有些地方听不懂啊啊啊啊，看弹幕也不懂[委屈][委屈][委屈][委屈][委屈],,一级评论,2,7,2024/10/17 20:35
干十木术,男,ai中文字幕太智能了[脱单doge],,一级评论,6,7,2024/8/30 17:53
路过小卖部,保密,老师这里少了一个20,,一级评论,4,7,2024/7/27 19:55
一只帅气的兵长,保密,"p1映射与函数
1.映射的定义
2.映射的种类
满射，单射， 一一映射
3.逆映射
4.复合映射",,一级评论,3,7,2024/6/20 22:35
麓莜骛柒,保密,我发布了一篇笔记，快来看看吧~,,一级评论,5,7,2024/6/16 15:30
Jam菜籽油喂x_x,保密,看新版的新发现[脱单doge],,一级评论,5,7,2024/5/19 10:58
凝梦幻,男,"8.1节
数学平时学习要多理解与思考，外加做题的深入理解以及更多的思考。



0为0向量


29:18 



减法，共起点，连终点，指向被减向量

...",,一级评论,5,7,2024/3/9 13:19
jahxhbchsbd,保密,听老师上课好震惊，好像看魔术表演[提摩西小队第二弹_赞][提摩西小队第二弹_收藏了],,一级评论,3,7,2023/12/19 19:45
螺旋啦啦啦,男,哥们，再不学真挂科了[脱单doge],,一级评论,5,7,2023/11/22 19:44
白亦非111,保密,真不是故意的[微笑][微笑][微笑],,一级评论,5,7,2023/6/21 21:02
搁浅えん,保密,一亿播放量什么概念，由此都可见中国大学教育....,,一级评论,5,17,2023/5/16 12:20
零度-优雅,保密,第二类换元积分法的总结概括,,一级评论,3,7,2023/3/20 9:23
叫我喵大侠,保密,"1.  几个公式：
2.    x由最高次依次向下减，其系数对应三角

3.    17:23 
题目：
要判断定义
4.    00:07 
x和y都是...",,一级评论,4,7,2023/2/21 16:31
_Harry__,保密,"12:04 
求极限的时候可在去心邻域，求导数要在邻峪
dx未必是增量，准确的说应该叫改变量
14:19 极限存在，则说在这点可导
17:43 dy和dx...",,一级评论,5,7,2023/1/22 18:12
易爆物品r,保密,我发布了一篇笔记，快来看看吧~,,一级评论,5,7,2022/12/20 12:59
将疾,保密,"函数与极限
1.映射与函数
映射：X和Y是两个非空集合，法则f，对X中的每个元素x，都有唯一的y与之对应。
f映射.f：x~y
x:定义域（Df）doma...",,一级评论,5,7,2022/12/13 15:07
Nia的亚子,保密,《第二类换元积分法》那个发红色弹幕“说白了只是按答案讲课”的哈皮，你不动??就想看懂？自己记不住前面的内容就再去看，别在这说密码的，归根结底还是你没好好听????????,,一级评论,5,17,2022/11/24 23:09
柳州在逃螺狮粉,女,[tv_难过]不会真的有人520还在看高数吧[tv_难过],,一级评论,6,17,2022/5/20 17:37
Marvin_Beau,男,宋浩老师！??????为了你??我变成狼人模样??为了你??染上了疯狂??为了你??穿上厚厚的伪装??为了你??换了心肠??我们还能不能再见面??我在佛前苦苦求了几千年??愿意用几世??换我们一世情缘??希望可以感动上天??我们还不能再见面??让我在踏过奈何桥之前?? 再吻一吻你的脸??,,一级评论,6,38,2022/4/4 16:39
Bodestar,保密,"自用
一、

函数y=f（x）x为自变量，y为因变量
两要素：定义域，规则f
表示方法：表格，图形，解析式
二、例子
1）y=|x|
2）符号函数y=sg...",,一级评论,4,9,2024/7/8 22:29
HoM0000,男,现在大学生这么不成熟了吗？尽在弹幕里发些没营养的话，没人关心你同学有没有认真听课，没人关心你从哪个学校来的，也没人关心你挂没挂科,,一级评论,6,22,2021/6/18 9:32
贴吧滑稽哥,保密,你不是来学数学么，为什么还要往下看评论[doge],,一级评论,6,16,2021/12/29 20:47
Lwjo88,保密,很烦 弹幕里面说谁谁谁别卷了 真的是学会一个词到处乱用,,一级评论,4,16,2021/12/19 20:16
llIIIllIIIlIIIll,女,没有人在意你是哪个大学的好吗，别一直在弹幕里发自己大学了，与视频无关弹幕别发，人名信息别发基本弹幕礼仪不懂吗[辣眼睛][辣眼睛][辣眼睛],,一级评论,6,16,2021/11/19 8:26
我不是迁客是骚人,男,我建议不要开弹幕，会严重影响你思考,,一级评论,6,16,2021/8/1 11:14
陌寒です,女,现在在看视频的七十三人都是补考人吧[滑稽][滑稽][滑稽],,一级评论,6,16,2021/2/22 17:34
易安Yang,保密,来找一位2022年考研的小伙伴！互相监督！[OK],,一级评论,3,16,2021/1/13 21:43
薛定谔の犭苗,男,热搜可太草了哈哈哈哈哈哈哈哈,,一级评论,6,16,2020/11/27 14:15
狐狸船长正在觅食,女,1.9发现不对劲的同学看https://www.bilibili.com/video/BV1UW411k7Jv?p=13,,一级评论,6,16,2020/11/17 21:38
女司机文文小货车之行,保密,隔了二十年还能听懂[笑]，转发给我女儿看下,,一级评论,2,16,2020/8/5 20:26
李晓晨xnif,保密,一名学生在和他的同学上宋老师的课，突然，该学生说道:“为什么不能调1.5倍速啊！”[热词系列_知识增加],,一级评论,6,16,2020/6/8 18:37
L1SA忙着上勾拳,保密,各位老师可以猜猜为什么大家更愿意来b站学习也不听你们的那念祖传ppt的课[微笑],,一级评论,6,16,2023/10/26 8:10
康园乐,保密,有第一节高数听不懂直接来网课的吗,,一级评论,4,16,2023/9/25 9:17
秋风雨云,保密,你不会一直学高数，但一直会有人学高数[OK],,一级评论,5,16,2023/5/12 13:51
椋子木-Liang,男,破亿纪念[念诗之王],,一级评论,5,7,2023/5/5 15:08
快乐之道_存e我心,保密,情人节打最后几分钟和宋老师过[脱单doge][笑哭][大哭],,一级评论,5,16,2023/2/14 23:26
千忆昔往来,男,1000+女娲补天是吧,,一级评论,5,16,2023/2/9 14:47
WILLOWandJANE,保密,弹幕上面刷xx大学、xxx别卷了的，不觉得很无聊而且幼稚吗；而且会挡住黑板和老师，真正出来解释内容、有干货的弹幕也会被挡住，好烦啊[藏狐]这是学习视频,,一级评论,5,20,2023/2/9 9:08
InsfityCheng,男,《23.02.08》《1.1映射》《1000+人正在看》,,一级评论,5,16,2023/2/8 22:24
qrchunx,保密,女娲补天工程,,一级评论,4,16,2022/12/26 10:46
坎寺白雷公玉求鸡腿,保密,怎么说呢，虽然大家发弹幕很积极，但也请别老是发一些让别人不要卷啊自己什么大学之类的无关弹幕啊，开了弹幕被这些无关话语挡视线，不开又怕纠结于老师讲错的某个部分出不来，有时候真的挺无语的[难过],,一级评论,5,20,2022/12/17 21:38
黄金齿轮G,男,"我：我已经不在乎你了，你再重要我也不看??
高数：真的吗？
我：那当然了，我不在乎你??
高数：把你墨镜摘了
我：??",,一级评论,6,16,2022/5/16 20:05
洪天慈,男,"在别的地方看到的评论，我复述一下：
“别再往下滑了，不是还有要做的事吗？”",,一级评论,5,20,2022/3/21 13:55
阿言sang,保密,这时候还在看的多半是期末挂科了[妙啊],,一级评论,5,16,2022/1/28 10:24
风予枫丶,男,刚刚在翻着视频列表寻找我需要补课的格林公式，才发现自己快把这两本书学完了，不禁感慨时间过得真快啊，感觉我才刚刚考完高考，来到一所新的学校，还在难受为什么自己高考没有突破自己，一转眼离大一暑假已经不远了。。。。。。,,一级评论,6,20,2022/5/4 16:33
臭屁c,女,数学知到上的作业还有20个 一个赞做一个！,,一级评论,5,88,2021/11/29 1:16
要起一个新名字,保密,高数挂了，来重修了[大哭][大哭],,一级评论,5,11,2022/1/19 20:54
辞去冬雪,女,高中时数学能听懂，不会做题，现在连听懂都太难为人了[捂脸],,一级评论,5,11,2021/10/25 17:43
AK刘彰本人,女,朋友，再不开始学你真的要挂科了[doge],,一级评论,5,11,2023/12/10 15:07
白甜儿_,保密,距离期末一个月，高考数学50分的我默默观看了视频,,一级评论,4,11,2023/12/6 20:28
ABO-ICE,保密,想一想，宋老师要是把这个变成收费的，即使只收1块钱，宋老师早就是亿万富翁了[doge],,一级评论,4,11,2023/11/12 10:37
摘不到月亮的人说,保密,宋老师或成改算法最大赢家,,一级评论,5,11,2023/6/27 11:43
雪点平沙,女,无所谓我会一天补完所有[灵魂出窍],,一级评论,5,11,2023/2/21 22:20
唧唧唧唧吖,保密,下午两点考，凌晨十二点半抱佛脚[保佑][保佑][保佑],,一级评论,3,11,2023/2/18 0:34
结婚后老公和气球跑了,女,还有十天[灵魂出窍][灵魂出窍][灵魂出窍],,一级评论,6,11,2023/1/30 23:04
来一口芒果吧,保密,看到我两年前的弹幕被频繁点赞就知道又到了期末周[不思议之旅_大笑]大家加油～,,一级评论,5,11,2022/11/13 19:23
神秘xhr,男,《关于我半夜看宋浩老师的课，却发现有1000+人正在观看这件事》[思考][思考][思考][思考],,一级评论,4,11,2022/9/21 23:04
你娜爹,女,大一新生第一节数学就听不懂了捏，还望宋老师多多指教,,一级评论,4,11,2022/9/21 17:53
bili_55992153043,保密,我在日记里写 《我可喜欢看宋浩，走火入魔了》 结果我哥以为我在暗恋[藏狐]我真的会谢,,一级评论,5,11,2022/4/17 17:12
Frozen-n,男,宋老师没拿百大，在座的各位都有责任[傲娇],,一级评论,6,15,2022/1/13 14:50
可可没烦恼_,保密,宋浩老师，我在今天的十点四十分将要去参加大一上学期期末考试，希望宋浩老师能保佑我，我也不求多，及格就行[保佑][保佑][保佑],,一级评论,5,15,2021/12/22 9:36
家里蹲大老师,保密,1000＋人，可见临近期末，有多少人没学明白[doge],,一级评论,6,15,2021/12/13 19:56
早哦o,保密,不懂就学算什么卷啊[Cat2_EatDonut][Cat2_Boom!],,一级评论,5,15,2021/11/15 18:04
当我曾经的,保密,"老师是一个很和谐的职业，都非常信任自己的同行
A老师：这个知识你们以后会学，我就不讲了
B老师：这个知识你们以前学过，我就不讲了",,一级评论,5,15,2021/11/13 19:39
拜托了星星-,保密,"武则天证明了成功和性别没有关系，
朱元璋证明了成功和出身没有关系，
姜子牙证明了成功和年龄没有关系，
马云证明了成功和长相没有关系，而我则证明
了成功和我没有关系，看到那个赞了吗，我自己点的。",,一级评论,4,15,2021/7/4 17:33
硬币没处花改个名字,保密,520也要来听宋老师讲课啊啊！！,,一级评论,5,15,2021/5/20 8:41
凉菜籽,保密,真的真的好感谢老师这段时间来的陪伴，感谢老师的无私奉献，今天把视频看完了，中间跳过了很多故事，在这里许愿今年上岸，上岸必回来听故事,,一级评论,5,15,2021/3/25 19:51
四月一日同学命里缺我,女,果然期末到了，高数就上热搜了吗[doge],,一级评论,6,15,2020/11/26 22:49
瘦不了的小新同学,男,不知道怎么说各位，在那个大学没人在乎的，还在疯狂发学校。[天蝎座_机智],,一级评论,6,15,2020/11/16 20:53
国服第一猫猫头,男,"高数课一开始，果断戴上耳机打开老师的视频

我们老师的板书和授课方式实在是........[蛆音娘_扶额]",,一级评论,6,15,2020/10/23 16:42
把他们都咔嚓咔嚓了,男,"讲道理，这学期我们班换老师了，脾气很大，教的还不咋地
这回充分??的理由当宋老师的学生了[微笑][微笑]",,一级评论,6,15,2020/3/24 19:05
起步来名,男,时间坐标24年10月27日，不明白你们是来听课还是来打卡的原来的学习弹幕都会有很多有用的提问和回答。现在弹幕全是打卡，没有人关心你是哪个学校的。[难过][难过],,一级评论,5,15,2024/10/27 21:09
失重的Cat,男,我去，这么多人上晚自习吗[doge],,一级评论,4,15,2024/10/17 19:11
楼诚今天结婚了吗,保密,高数课上看网课[Cat2_FatCat!？],,一级评论,5,15,2023/11/6 8:53
学过石铀的语文老师,保密,别往下翻啦，你还有该做的事[脱单doge],,一级评论,4,15,2023/9/10 15:08
嘿嘿不口黑,保密,明天考试，没情人的都来听课[妙啊],,一级评论,4,15,2023/2/14 16:43
一份板烧鸡腿堡,保密,各个大学能不能别老惦记你那pe期末考试[灵魂出窍],,一级评论,6,15,2023/2/10 16:29
未到岸的船长,男,这个能不能破亿[脱单doge],,一级评论,6,15,2023/1/11 21:03
伤心荷包蛋oO,保密,上课睡大觉 下课找宋浩[脱单doge][脱单doge][脱单doge]没办法 直播根本跟不上,,一级评论,4,15,2022/12/5 23:02
無限前進,男,让我看看有多少准大一的人前来卷。,,一级评论,5,15,2022/7/11 17:17
尓末ER,女,看课就看课啊，刷名字的人怕不是有什么大病[翻白眼][翻白眼][翻白眼],,一级评论,6,15,2022/4/22 0:36
再不干活要饿死了,保密,还有一周要开学，然后就要补考,,一级评论,5,15,2022/2/10 22:25
fjesif,保密,上课就是一乐呵，真学习还得上B站[OK],,一级评论,6,18,2020/10/24 17:11
TheFatRatShen,保密,毕业了，重新捡起来学，宋老师的更基础，比汤神的容易听懂，比交大乐经良老师的也更简单一些。吹爆！,,一级评论,5,18,2019/12/27 23:34
一个板凳a,男,“别再往下滑了，不是还有要做的事吗？”,,一级评论,4,15,2024/2/27 16:11
宫崎英高的大卢恩,男,没有傅里叶级数,,一级评论,6,18,2019/6/27 9:36
常茨_d,保密,感觉五一左右能破亿啊，不过这是个合集视频，到时候会不会有特有的表情，不好说吧[思考]（比如这[念诗之王][热词系列_仙人指路]）,,一级评论,4,18,2023/4/18 17:12
寶藏山,男,要补考的赞我绝对开学过,,一级评论,5,29,2021/1/25 21:36
卿落依,保密,有没有高考生在家无聊来的？[难过][难过][难过],,一级评论,5,13,2023/6/10 15:06
花知微,女,"高中看一数，大学看宋浩
横批:有你学的",,一级评论,5,13,2022/9/25 14:36
局部雾雨,女,高数挂了[囧],,一级评论,5,15,2022/1/13 15:18
黑色的尼德霍格,男,嗐，在课堂上课，老师问会不会，全tm会，没人说不会的，还是网络世界放的开啊,,一级评论,6,15,2021/12/5 14:52
lrzzzzzzzzzz,男,遥遥领先,,一级评论,5,6,2024/6/26 19:11
思与在,男,高等数学第九章——多元函数微分学及其应用（黑子版）,,一级评论,5,6,2024/6/25 0:26
芜湖芜湖芜-_-,保密,歌唱家[吃瓜],,一级评论,3,6,2024/4/14 22:21
别走迷路了ye,保密,"连续存在的三个条件
1.有极限
2.有定义
3.极限值等于函数值

连续的冲要条件 左右连续

证明sinx是连续的(和差化积)
第一个重要极限  0×有...",,一级评论,4,6,2023/11/11 17:47
WYitsme_,女,12:08 数列极限的定义,,一级评论,3,6,2023/10/10 13:47
死鬼学长,保密,笔记目前做到第四章了，需要笔记的可以私信我,,一级评论,4,6,2023/10/3 21:28
clannad21111,保密,23:29 这个共轨复根怎么求的，始终看不出来，来个大佬解释一下[酸了],,一级评论,4,6,2023/6/26 18:12
一江之帆,男,现在已经1.1亿了，也太快了[笑哭][笑哭],,一级评论,5,6,2023/6/10 10:03
死鬼学长,保密,笔记目前做到第四章了，需要笔记的可以私信我,,一级评论,4,6,2023/10/3 21:28
clannad21111,保密,23:29 这个共轨复根怎么求的，始终看不出来，来个大佬解释一下[酸了],,一级评论,4,6,2023/6/26 18:12
一江之帆,男,现在已经1.1亿了，也太快了[笑哭][笑哭],,一级评论,5,6,2023/6/10 10:03
歌者火狐,保密,"10:08 函数图形描绘的主要依据点
例1小题的函数一阶求导步骤，二阶求导步骤，与一阶求导后增减性判断方式，二阶求导后判断方式，从而得出表格，准备画图
极...",,一级评论,5,6,2023/3/22 19:24
铁菊老先生,男,都多余了,,一级评论,5,6,2023/2/11 10:44
bilitest2323,女,"定积分的应用 有关于元素法 新鲜出炉～
平面图形的面积
不规则物体的体积
极坐标轴上的面积
1212121
 
沙漠之舟tx

修改于 2022-12-0...",,一级评论,6,6,2023/2/1 15:03
弈心一意yg,男,"1.1函数的几种特性
1）有界性
上界：存在k1，f(x)小于等于k1，一个上界
f(x)=-1/x(x>0),f(x)<=0,f(x)<=1,由此可知上...",,一级评论,5,6,2022/12/2 12:20
高数奋斗者,女,宋浩老师是我的神，高数期中考试求过,,一级评论,4,6,2022/11/5 10:10
糖醋鲨鱼精,女,大一第一学期期末高数90+了！！感谢宋老师，以后会继续听老师的课[大哭],,一级评论,5,10,2022/1/3 14:57
-灰质-,女,《关于我大一上半学期高数完全没有听因此来b站上网课这件事》[捂眼],,一级评论,6,10,2021/12/6 9:08
叶鸽_jpg,保密,"大一新生
高数一节都听不懂
是什么让我们相遇[大哭]",,一级评论,6,10,2021/10/18 16:08
喑冬,女,第14周了大一新生才开始听[笑哭],,一级评论,5,10,2024/11/28 19:21
无尾熊333222,保密,高中看一数，大学看宋浩老师，我一路哔哩哔哩体制内升学上来，哈哈哈哈哈[滑稽],,一级评论,5,10,2024/7/8 12:12
桜埖飛儛時,女,有没有高考刚结束来看看的,,一级评论,5,10,2024/6/10 13:13
总分不上600分不改名,保密,有理函数积分没有！老师[大哭],,一级评论,6,10,2019/12/9 17:19
葡萄味的苗,保密,宋浩老师，我是您的云学生之一，我很感谢您，首先是因为您是我大学生活里为数不多的温暖和喜悦中的一部分，然后再是感谢您教给了我知识，真的很感谢您！,,一级评论,4,10,2024/3/9 14:37
我爱吃西瓜0,女,挂科的来补课了[大哭][大哭][大哭][大哭],,一级评论,5,10,2023/8/8 23:34
_云鹰飞酱_,保密,快考试了，我来做点积德行善的事情[脱单doge],,一级评论,5,10,2023/6/25 14:03
鸩翎翎,保密,看这个的应该都是大学生吧，怎么还跟小孩子一样刷名字刷个不停,,一级评论,6,10,2023/3/11 11:50
给我一瓶水溶a,保密,开学补考不过真的要寄了,,一级评论,5,10,2023/2/11 21:27
銀河浮人,保密,是谁上了大学还没迈进过大学校门[无语][无语][无语],,一级评论,5,10,2022/9/28 9:06
不改名了6玫硬币太贵,保密,就你上课不好好听讲是不是[脱单doge],,一级评论,5,10,2022/9/27 19:07
-Dream-Land-,保密,我们老师只会照着ppt念，还念贼快跟急着投胎似的，崩溃来找宋老师[无语],,一级评论,5,10,2022/9/27 14:03
壹语成,女,无语了，怎么考上什么大学最后都得来上网课啊[辣眼睛],,一级评论,5,10,2022/9/27 9:48
釒釒硕,保密,谢谢老师，准大一生受益匪浅啊啊啊啊[给心心],,一级评论,5,10,2022/7/14 11:03
再吃1个鸡腿,女,通宵看了一晚上去考试  焦虑的等了两天成绩  刚看到68分  我直接感谢有你宋浩老师[保佑][保佑][保佑]  顺便还是希望学弟学妹们千万别像我一样搞突击  平时扎扎实实学提前几周复习  等成绩这两天吃不好睡不香那滋味别提了[保卫萝卜_哭哭][保卫萝卜_哭哭][保卫萝卜_哭哭]  把命运交给数学老师的感觉太??了,,一级评论,6,10,2022/6/15 1:17
绳网用户h114514,男,大一的，家人们我挂了，已经开始准备补考了[2233娘_大哭],,一级评论,5,14,2022/1/13 15:45
明堂早见秋,女,期末了，有的人来复习，有的人才开始学习[妙啊],,一级评论,5,14,2021/12/19 16:24
今天还要白嫖啊,保密,昨天晚上做了个梦，梦见我以前一个朋友提起了我高考失利后的分数，我以为我释怀了，没想到我一直都在意。。。。。。努力吧。,,一级评论,4,14,2021/12/2 7:19
Antichrist-,保密,"三点睡七点起,阎王夸我好身体.[doge]",,一级评论,6,14,2021/12/1 3:07
因奇,男,别人以为我在B站刷鬼畜视频，其实我在宋浩老师课上刷高数，卷死他们。[doge],,一级评论,5,14,2021/11/29 9:31
Oyuwari_Lenne,女,"我们高数老师总是说：“你们能不能不要在我的课上看别的老师讲课啊?”
……
……
……
……
……
……
……
……
……
……
搭嘎，口头挖路![doge]",,一级评论,5,14,2021/11/19 13:20
荔西西,女,在弹幕屏蔽词中输入‘卷’，‘别学了’，‘大学’。再把这三个关键词同步屏蔽，你的弹幕就可以打开了，没有一堆让你血压上升的废话。[微笑]别问我为什么这么熟练[阴险],,一级评论,5,14,2021/11/17 23:19
不敢直视的太阳,男,原来我们上的一所大学呀，清华落榜生。[doge],,一级评论,4,14,2021/11/15 21:34
木_又_寸_,男,此时一位正在听网课的靓仔打开了按时间排序[doge],,一级评论,6,14,2021/11/14 21:20
阿初uo,保密,到底哪里有专科的高数啊！！本科的真的听不懂，我基础太差了，初中高中都几乎没学，所以真的想找个专科高数资源！！急求啊！！谢谢大佬们,,一级评论,5,14,2021/11/13 18:39
樱种,保密,你好，国庆卷王[doge],,一级评论,2,14,2021/10/5 21:14
LXWKLXWK,男,"极限这一节让宋浩老师——
痛失韩国市场[doge]",,一级评论,5,14,2021/9/20 20:57
Konungur,男,高数真的比大学物理简单多了呜呜呜。狗都不学大学物理。。,,一级评论,5,14,2021/6/13 10:18
庄周梦蝶之,男,同学推荐的，大一开始，打好基础[OK][OK],,一级评论,4,14,2020/10/6 19:05
是骐不是骥,男,大一新生报到！今天听课的时候我感觉懂了，晚上做课后习题的时候我懵了[无语],,一级评论,6,14,2020/10/4 21:41
曦风rain,保密,强力推荐宋浩老师以后往考研辅导方向发展，送我上去！让他看到！,,一级评论,3,14,2020/8/15 23:54
晨幻星空,女,高考生啊，暑假没事干谢谢宋老师充实生活,,一级评论,5,14,2020/7/29 21:10
周杰伦林俊杰我爱你,保密,学傻了，一学期没听死亡冲刺[大哭],,一级评论,5,14,2020/6/3 16:05
拉文戴尔,保密,看到视频里宋老师自己发现了c乘11的规律，是自己四年级发现的，我就想起来我小学一年级的时候在操场上看蜗牛是不是有听觉而尝试对蜗牛大喊，老师看见认为我有精神病请了我的家长，我爸回家把我揍了一顿。我现在23岁了，深刻的意识到老师这个身份的重要性。,,一级评论,6,14,2024/6/4 16:13
Eurrur,保密,有理函数积分可以去宋老师另一个微积分系列里去看,,一级评论,6,14,2019/12/13 12:11
Lens兰斯,保密,看这集时明天考试但还是预习的兄弟们举个爪(doge),,一级评论,4,14,2024/1/9 16:16
Sebastian-HR,保密,让我看看是哪个小朋友假期还在内卷[doge],,一级评论,4,14,2023/9/30 20:22
天青冰蓝,保密,看到弹幕全是刷时间人名和大学名的就知道素质和学历的关系其实并不大,,一级评论,6,14,2023/7/27 18:11
赤玖玖玖玖玖玖伶,女,老师 播放上亿了诶，之后会突破百亿吧，记得百亿补贴[脱单doge],,一级评论,6,14,2023/6/27 7:53
2135a,保密,上课你滑水，上网课你滑评论区是吧[脱单doge],,一级评论,4,14,2023/5/22 11:59
航Going,保密,宋老师，上学期跟着您的概率论上完了，是我B站第一个完整上完的网课，最后拿了优，现在准备考研数学冲150，听了你的课感觉比我大一老师讲得好哈哈，我这还是985的老师，感觉你很多知识点能把我们讲得很容易理解，可惜大一没上你的网课，但是考研有你我感觉信心十足，感谢哈哈[呲牙][呲牙][呲牙],,一级评论,5,14,2023/5/16 11:08
大聪冥,男,万万没想到这是小破站第三个一亿播放量的视频[笑哭]但还是恭喜[热词系列_仙人指路],,一级评论,6,14,2023/5/10 22:44
不爱学习的臭弟弟,保密,不是我卷嗷，五一过后紧接着高数和大物的期中考试，没办法[尴尬],,一级评论,6,14,2023/4/30 11:41
司叶枫,男,已经是挂科的形状了[大哭],,一级评论,5,14,2023/2/21 17:15
有很多砗磲的蟹老板,保密,大伙都在女娲补天？？,,一级评论,3,14,2023/2/10 17:23
落日银河投递员,保密,这1000+人在看是不是都是为了开学考的大学生[脱单doge],,一级评论,5,14,2023/2/3 14:16
黄昏的残痕,男,2023年 2月 2日 15点47分，大一机械狗刷完宋老师的高数课程，在此发个评论，以表敬意，纪念一下，谢谢老师。完结傻花?ヽ(°▽°)ノ??ヽ(°▽°)ノ??ヽ(°▽°)ノ??ヽ(°▽°)ノ??ヽ(°▽°)ノ??ヽ(°▽°)ノ??ヽ(°▽°)ノ??ヽ(°▽°)ノ??ヽ(°▽°)ノ??ヽ(°▽°)ノ??ヽ(°▽°)ノ??ヽ(°▽°)ノ??ヽ(°▽°)ノ??ヽ(°▽°)ノ??ヽ(°▽°)ノ?,,一级评论,5,14,2023/2/2 15:48
freedom9949,保密,原来大家都是早八划水呀，400多人在看[笑哭][笑哭],,一级评论,3,10,2022/10/24 9:19
叡宸,保密,上课睡觉，下课宋浩[星尘_比心],,一级评论,6,14,2022/10/17 16:23
顿高斯,男,靓仔，又在按时间顺序看评论[doge][doge][doge],,一级评论,5,14,2022/4/21 20:48
凛_Rinn,保密,在家太无聊 还是学习有趣,,一级评论,5,14,2022/2/6 13:37
傻人有傻芙i,保密,2022年除夕还有1千多人在看。。这比春晚还香？,,一级评论,5,14,2022/1/31 21:46
阿来TT,男,挂科了，开学补考，加油[2022],,一级评论,6,14,2022/1/27 15:49
月明林下,女,快过年还点进来的朋友，你也挂科了啊。,,一级评论,6,17,2022/1/28 14:33
长袖卿舞,保密,"2023/2/14
和宋浩老师过节
doge",,一级评论,5,8,2023/2/14 21:30
G神制作,男,宋老师必名垂青史[脱单doge][脱单doge][脱单doge],,一级评论,4,8,2022/10/13 20:29
安东尼列斯,保密,"转载  献给看时间排序的人
把这些一行一行地添加到你的弹幕屏蔽正则，你会发现弹幕干净了许多
/^【前第抠扣打加】【\d一二三四五六七八九十排】+$/
/\d{2,4}【年|\-|\.】\d{1,2}【月|\-|\.】\d{1,2}【日|号|.】*/
/.+大学/
/.+报道/
/.+报到/
/.+大/
/.+理工/
/.+工程/
/.+学院/
/.+学校/
/.+报告/
/.+来了/
/.+有吗/
/有.+吗/
/.+好好听讲/
/.+好好听课/
/.+别睡了/
/.+学不会的/
/.+别学了/
/.+好好学/
/.+不要看了/
/.+别听了/
/.+看看你/

我真的忍不了了，一个学习的视频被污染成这样",,一级评论,5,14,2024/4/7 14:42
小沈不会理科,男,一个赞刷十道题，我说的，耶稣来了也拦不住[点赞],,一级评论,5,19,2021/11/28 22:54
肉包骑士ろくく,男,现在的弹幕是怎么了  你说看就看吧这没错  老师讲的好好的  突然就有xxx大学路过  xxx大学学渣路过  也不知道怎么带起来的节奏   我也是服了  请问你是哪个大学的和其他人有半毛钱关系？   [辣眼睛][辣眼睛]   带节奏跟风很好玩？  你是清华的又怎么了   还是你说的和老师讲的内容有关？   发弹幕看场合   弹幕礼仪只是摆设吗,,一级评论,5,19,2021/5/4 15:19
wildand,女,6，觉得聊天多那你就跳呗，这个是上课的时候录的，肯定要带动现场的学习气氛啊。。。。而且宋老师讲知识点的时候很清晰，讲课也很幽默，觉得不好可以去其他老师的,,一级评论,5,12,2023/12/26 10:51
头号补骡人恩内斯里,保密,看到舍友都在卷  我默默的打开宋浩,,一级评论,5,16,2021/10/17 11:05
幽默一直可以的,保密,别往下滑评论了，你还有自己的事，提示简单的2倍速，有疑问的1.5,,一级评论,4,16,2023/5/25 11:04
新手勿怪呵,保密,有谁和我一样，上学校高数时看宋浩老师的课[doge],,一级评论,5,16,2022/10/31 10:01
游戏小悦丶,保密,2022年10月11日20:22，1000+人正在观看,,一级评论,4,16,2022/10/11 20:23
照影clue,女,打卡补考加油[热词系列_打卡],,一级评论,6,13,2022/1/16 17:10
账号已注销,保密,下午6点考高数，祝我好运[酸了][酸了][酸了],,一级评论,0,13,2021/12/11 11:51
梅琳娜之影,保密,弹幕报大学的一水的985211[笑哭]（就是不是很能理解为啥要刷自己哪个大学的，，，都在这上网课那不都b大的吗）,,一级评论,5,13,2021/12/9 21:46
包治百病的包是小包,保密,弹幕里xx别卷了 自己不觉得很烦吗……,,一级评论,2,16,2021/12/8 10:30
余遮,男,刷人名的有病吧,,一级评论,6,17,2021/12/7 17:04
电_木昆otto,保密,在b站学高数，学完之后，我感觉心里有b数了[doge],,一级评论,6,13,2021/11/10 15:16
草包大王Bin,男,真的纳闷，维护一个良好的学习环境难道不是每一个人应该做的吗？搞得每一个人来学习区看视频第一件事就是关闭弹幕难道是一件好事吗？[微笑],,一级评论,6,13,2021/11/3 23:28
茶茶茶茶茶茶茶荼,男,都佛了，谁稀罕你是什么大学的，次次视频刷大学,,一级评论,6,13,2021/10/18 19:12
韦斯莱笑话店老板娘,女,b站弹幕不成文的规矩是，顶端和底端是留给科普和翻译的，随想之类的就不要占用宝贵的位置了[呆],,一级评论,6,13,2021/7/29 23:11
猫空尚书,保密,还往下翻评论，你课看完了？你复习完了？你能全拿90+？还不去给我继续学习？！[微笑],,一级评论,5,13,2021/7/3 16:52
Marigolddd,保密,曲面积分建议去看高数叔，讲得非常清楚，例题也多,,一级评论,6,13,2021/6/2 20:29
天才尼尼尼狐,男,"学习效率工具：
①浏览器插件“video speed”最高可以16倍速，并可设置任意键快进和后退
②数位板配合onenote记笔记从此抬起头（推荐双屏）搭配腰靠，用起来及其舒服
③浏览器插件“bilibili助手”，弹幕可设置任意键开关，可逐帧放
④按“F”键可以缩放全屏
欢迎各位补充其他工具",,一级评论,6,13,2021/5/12 20:51
贤者よみがえる誠,男,今天开始上网课了，老师直接直播让我们看这个视频[妙啊],,一级评论,6,13,2021/3/1 8:31
洒家给你一拳,男,"我后悔当初以为自己学音乐可以不用好好学数学的幼稚想法了。

同学们，如果你们现在有想走音乐专业的，一定要好好学数学！完全乐理后面学的东西全都和数学有关，音级集合开始就 一堆公式 计算，还有微分。作为中学数学不及格的什么都学不下去了。

学好数学很重要！数理化是万物之本！",,一级评论,6,13,2021/2/8 16:27
知晓鸣,女,就真的没想到段子发生在自己身上，明天期末了，今天还在预习。[一人之下_瘫][一人之下_瘫],,一级评论,5,13,2020/12/27 15:01
我想想我该叫什么,保密,我想知道宋老师现在的老婆是下着雪等了8小时，然后谈了13年的那个吗,,一级评论,6,13,2020/5/11 11:33
夸克菌,保密,今天刚好一年了[崩坏3_点赞],,一级评论,6,13,2020/4/7 14:51
财小牛,男,老师会录离散数学这门课吗？[呲牙],,一级评论,5,13,2020/3/29 18:59
苏乔哀,保密,是谁24年还在看宋老师的课[笑哭],,一级评论,2,13,2024/10/28 17:00
Mastory,保密,大家放心，我用前任六十年单身换大家高数必过[嗑瓜子],,一级评论,6,13,2024/3/18 20:48
一骑tao遇jian,保密,2周后考试，开始补天[哈欠][哈欠],,一级评论,3,13,2023/12/18 21:09
李云珩,男,有多少评论就说明大学有多少上课注水的老师,,一级评论,6,13,2023/6/26 22:05
クレイジ一,男,别再往下看了，朋友，我们还有该做的事,,一级评论,5,13,2023/6/14 23:49
黎明时分再会,男,很难想象2019年4月之前的大学生是怎么学高数的,,一级评论,6,13,2023/5/7 21:01
这是女乔,保密,老师9-5.6在哪呀,,一级评论,5,13,2019/5/25 22:31
睡不醒的某某某某阳,保密,兄弟们搁这女娲补天呢[doge],,一级评论,4,13,2023/2/10 0:09
HFHR718,保密,坐等破亿,,一级评论,5,13,2023/1/11 21:30
さくらd,保密,我想在数学的海洋中遨游，但在跳下去之后，却发现自己并不会游泳,,一级评论,5,13,2022/11/28 12:48
一只可爱的二次元Asahi,女,请各位遵守弹幕礼仪，请勿在弹幕中发无关学校和个人的名字去，影响其他人的体验,,一级评论,6,17,2022/11/24 18:15
o_O好好睡觉,男,眼睁睁的看着宋老师的课从6500w到7000w。[doge][doge][doge],,一级评论,4,13,2022/10/19 19:43
方寸不遇,女,屏蔽词包括但不限于：别卷了 别学了 卷死 报道 报到 学院 大学 妙啊 牛逼 卧槽,,一级评论,5,13,2022/9/3 20:37
y污垢,保密,给高中毕业来预习的同学一点建议，切忌走马观花眼高手低盲赶进度浅尝辄止。听课时候听得高兴，开学一看题目啥也不会。宁可少学一点，也要学精，课后习题要反复做，做完要总结。觉得还不熟练可以买配套的习题集,,一级评论,6,13,2022/7/7 12:52
Jocker-1,男,2022年5月1号下午1点还在看的70+人，你们好,,一级评论,4,13,2022/5/1 13:50
只看小小V,保密,考研前来还愿。初试第二复试第二总分第二 宋老师yyds！,,一级评论,5,13,2022/3/30 15:24
高数不过我不睡,保密,不知道为什么，非常讨厌那些发XXX别卷了的这种弹幕，我真的不理解人家学习，管你什么事，非得说两句，你要想学就学，不想学就赶紧走，自己不想努力，还不想让别人努力，真的很烦好吗！,,一级评论,5,13,2022/3/9 11:23
olean1203,保密,工作十二年了，考上了211-985双一流的学硕，专业第一。来还愿，多谢宋老师的视频教学。,,一级评论,4,13,2022/3/1 21:09
账号已注销,保密,挂蝌是一种凶残的两牺动物，它们通常牺息在高等代树，复杂公石附近，它们的出现通常伴随着许多现象，比如你突然间看到不脊鸽，留螳和难鹈。它的天敌只有一个，那就是复蜥，复蜥知了是它的伙伴，它通常会在一个充满了复蜥知了的夜晚大肆捕杀挂蝌，但因为睡懒鲛，打游蜥的大量出现，复蜥现在已经十分稀少,,一级评论,0,13,2022/2/1 19:35
冰块味儿的冰块,保密,"屏蔽词推荐：
大学
学院
卷
夸奖
妙
大
工
科
考试
大概就是这些?我觉得挺影响观感的，建议在不懂的地方再开弹幕，有时候确实很有帮助，但老师讲的很细不开也行[OK]",,一级评论,5,13,2021/12/12 17:25
小小大魔王z,男,@风の声く 来学数学[doge],,一级评论,6,1,2022/12/4 14:45
账号已注销,保密,@伊丽沙百薯 过来学高数[生气],,一级评论,0,1,2022/12/2 15:39
密云谜语,保密,@汪木康 @迟钝Dua [杨戬_比心],,一级评论,5,1,2022/11/6 10:15
账号已注销,保密,@hyjbtm 记得好好上课，按时睡觉,,一级评论,0,1,2022/11/5 19:05
贺州二高第一深情,保密,@切近的当,,一级评论,5,1,2022/11/4 20:19
卡尼丘布噜,保密,@柳园而下,,一级评论,3,1,2022/11/1 19:43
Genshin玩机器,保密,@温了-个暖 gkd,,一级评论,5,1,2022/10/30 19:34
魍曦のYaChuan,男,@不爱吃鱼的白某 为啥这么多人@你,,一级评论,6,1,2022/10/25 15:59
珊珊来辣-,保密,@一只只爱狐娘的人,,一级评论,5,1,2022/10/22 1:02
困成幼儿园老大,保密,建议屏蔽卷，偷，这年头能把努力当成卷的，只不过是在掩饰自己的摆烂。学会个词就会乱说是吧。,,一级评论,6,13,2022/10/9 19:33
芝士蒲牢,保密,弹幕里那些发什么“别卷了”“偷学”什么的能不能消停消停[疑惑]哪都有你们是吧，屏蔽都屏蔽不过来，一个学习视频宁搁这不厌其烦的发这些废话很合适？还有那些发人名的，这你让我怎么屏蔽？我开弹幕就是想解决些疑问，不是想看你们卷不卷，消停点，行吗？,,一级评论,5,18,2021/10/29 14:47
爱漂亮的干饭人小刘,保密,兄弟们，明天要考四级了，我在看数学，我做得对吗？,,一级评论,5,9,2021/12/17 19:19
聪明的小裁缝,女,"之前的我：吃着薯片追剧(?ω?)
现在的我：吃着薯片追宋老师大型高等数学连续剧(°?°)?",,一级评论,5,9,2021/12/15 17:00
48493311138_bili,保密,距离22考研还有22天,,一级评论,4,9,2021/12/3 19:57
云溪亭Nox,保密,在弹幕里看见一句“初一的觉得很简单”我当场一个大爆笑[星星眼]你猜你为什么上初一？,,一级评论,5,9,2021/12/2 22:45
元一二三四五,保密,我们高数老师真的就是念课本念PPT[无语],,一级评论,6,9,2021/9/27 9:50
灵猊小兽,女,不管什么时候 都有人在看 绝了,,一级评论,5,9,2020/12/3 16:07
盐焗板栗,保密,超星学习通上老师给的视频真的又臭又长还难啃，我好绝望，过来寻求出路了hhh,,一级评论,6,9,2020/4/15 5:00
悉悉不弃,女,老实说，我第一次看到1.7亿播放量的视频[无语],,一级评论,4,9,2024/10/28 20:27
迪莫_dream,保密,人到一定年纪了自然会看一些东西 这个不用劝,,一级评论,5,9,2024/9/23 11:38
Nawl,女,想问问大家大一期末一般都出什么样的题？现在好迷茫不知道该怎么去复习[大哭][大哭][大哭],,一级评论,5,9,2024/9/10 22:15
林厌的宋余杭,女,我马上上大专 希望可以提前预习一些高数 以前因为贪玩 从来不好好听课 后来看见我妈的同学朋友的孩子好多都努力考上了研究生 我也开始决定努力学习 希望我这三年不会再荒废了 我想三年后转升本再升研[呲牙],,一级评论,4,9,2024/5/29 22:59
-少吃多学-,保密,真相只有一个！,,一级评论,4,9,2024/4/18 19:30
酱紫的抹茶,保密,还有18天，学完一个学期的高数，，，，这算富裕的仗吗,,一级评论,5,9,2023/12/29 15:45
清平乐月,男,啥时候c语言也有这样的课就好了[大哭],,一级评论,5,9,2023/12/12 20:00
九丸書,保密,投币交学费啦 不许挂我高数哦[脱单doge],,一级评论,4,9,2023/12/5 20:01
深沉的兔子酱,保密,好好好要期中考试了来恶补一下[doge]有点崩溃但不多,,一级评论,5,9,2023/10/30 20:38
卡夫卡的熊hh,女,欢迎大家加入b站大学[脱单doge][脱单doge],,一级评论,5,9,2023/10/30 16:13
忽明骤蓝,男,膜拜一下宋老师的一亿视频，伴随了我的大学,,一级评论,5,9,2023/6/23 13:04
王哥的小拇指,保密,2023.6.19 前来许愿明日高数一定要过.,,一级评论,3,9,2023/6/19 19:11
兔兔不是阿宅,保密,都1亿播放量了[tv_点赞]宋浩老师真的拯救了无数学子,,一级评论,6,9,2023/5/22 14:50
A路辞,保密,播放量足以见得学生的需求和老师课程的质量,,一级评论,6,9,2023/5/12 15:25
舒-小七,女,"高数过了，谢谢宋浩老师[打call]
也谢谢我的高数黎老师捞我一把[给心心]",,一级评论,4,9,2023/2/23 20:22
陆成江yanjiang,保密,来反馈啦！22级大一新生，大一上学期整个就没听过课，2.14号开学考，2月份开始听宋老师，听了十几天，高数最后考了72，已经非常满意啦！零基础到72，宋老师就是我的神！！！这学期的高数跟线代都靠小宋啦[喜欢][喜欢][喜欢][喜欢][喜欢][喜欢][星星眼][星星眼][星星眼][星星眼][星星眼],,一级评论,4,9,2023/2/20 19:42
拾贰er_,女,救命[大哭][大哭][大哭]学不会怎么办，要挂科了[大哭][大哭][大哭],,一级评论,5,9,2023/2/14 15:21
硒鼓加粉,保密,不会有大学生永远在考试，但永远有大学生在考试[藏狐]谢谢老师,,一级评论,5,9,2023/2/9 21:12
空白-是小白诶,保密,感谢开学考把我们聚在一起看宋浩老师[脱单doge],,一级评论,5,9,2023/2/9 16:35
噜啦噜啦嘞我要跑第一,保密,2：49，260+看映射。大学生是懂开学考的。,,一级评论,5,9,2023/2/9 2:49
蜜桃壹龙茶tea-,女,898个人在看[微笑]是不是都是期中来预习的大一人[吃瓜],,一级评论,5,9,2022/11/2 21:09
送你一朵小花花哇,保密,我们老师是飞毛腿，一节半课讲完了三节课的内容[热],,一级评论,5,9,2022/10/12 10:32
仲夏曰,保密,我的高数不能失去宋浩，就像西方不能失去耶路撒冷！,,一级评论,5,9,2022/9/28 16:43
孜孜不倦的孜卷,保密,上网课老师声音跟劈叉了一样，来b站听喽！,,一级评论,5,9,2022/9/15 9:45
王双木的小丛林,女,欢迎2022届宋老师云学生入学[doge],,一级评论,5,9,2022/9/14 15:59
年糕糯糯_,保密,都2022年了不会还有人在翻宋老师评论区吧[doge],,一级评论,3,9,2022/7/19 10:18
陆鸷然,保密,我现在先搞其他科目，还没开始复习高数，不是相信我自己，而是相信宋浩老师[doge],,一级评论,6,9,2022/6/11 22:29
地府天花板,保密,我来还愿了 卷面分满分 平时分98总分98[大哭][大哭][大哭][大哭] 考前几周连微分方程都不会啊[大哭] 复习了两周考了100,,一级评论,4,9,2022/6/8 20:01
邓放的女朋友,保密,补考一定要过啊[委屈],,一级评论,3,9,2022/2/27 8:59
青梧Tage,女,为什么大年三十还有这么多人在学习[doge],,一级评论,5,9,2022/1/31 18:14
一念之力,保密,宁可累死自己，也要卷死同学[辣眼睛],,一级评论,4,15,2021/10/24 20:18
bumianmx,保密,嫌慢的同学，可以电脑浏览器装一个 Video Speed Controller 或类似的扩展，多少倍都可以[鸡腿],,一级评论,5,15,2020/5/23 17:23
我要瑟瑟_0vo,男,我们无论遇到多长的视频也不要怕，消除恐惧的最好办法就是找出宋老师视频里面的“废话”，加油，奥利给！[画风突变],,一级评论,6,15,2019/11/14 11:07
ldgseyo,保密,"那么结果是什么呢？那时距离高考还有两三个月，我高中可以吃老本，最后两三个月不学倒也无妨，只是没能考上C9，只上了个普通985的工科
但要命的是，上了大学，我缓不过劲来，也就是说，我把高考前那几个月的慵懒带到了大学里，其实高考前不学的人有很多，无论是好学生还是差生，这蛮正常的，但他们大多都能以一种全新的姿态迎接大学生活，而我却不行，我的人生又回到了初一初二时
工科太难了，我又一直摆烂，如今大三，到现在已经挂了七八门课了
这两三年我想过自救吗？有的，但就像在沼泽里用力一样，感觉完全使不上劲，比如一年前，大二下册，我努力学了三个月，结果最后还是有门课挂了，六级也没过，这让我自信心受到了很大打击，细究原因，一是我没掌握大学学习方法，甚至于看网课的习惯都没养成，二是摆烂几年导致我学习能力智力下降，三是大一基础没打好，比如我挂的那门课需要频繁用到微积分，四是我最后临近期末半个月没坚持住又摆烂了。其余一些时间段我也尝试过努力，但都坚持了几天就失败了
所以我大学过得很失败，身体不行，学业不行，社交也不行
前几天我觉得如芒在背，感觉在这么下去毕业都难了，就鼓起勇气把一切都告诉了父母和老师，幸好他们都比较谅解我，但我很焦虑，懊悔，懊丧，一个人哭，我浪费了三年，什么也不会，而且俗话说的好，由俭入奢易，由奢入俭难，我摆烂了三年，现在想重构自制力，很难，我现在努力鞭策自己，让自己每天学10H以上，上午下午晚上都要学，但往往经常学着学着又走神了",,一级评论,6,15,2023/5/30 18:16
上大一的小赵,男,@乄楓樰寽ゞ @戳烂你个大香蕉 @笙歌鸢浅 [doge][滑稽],,一级评论,5,2,2022/11/10 19:36
桤木昭昭,男,卷死宿舍的五个儿子们[doge],,一级评论,6,12,2022/1/25 19:19
中华好伙伴,保密,高数挂了，来复习了，争取通过下学期补考,,一级评论,6,12,2022/1/24 2:16
造梦大小姐,保密,谢谢宋老师，高数97全院第4[藏狐],,一级评论,6,12,2022/1/22 18:08
生曰独简,保密,一到期末观看人数就直线上升[藏狐][藏狐],,一级评论,6,12,2022/1/3 12:01
勿念已,保密,宋老师我三天三夜学完了高数上今天查成绩过了！感谢老师救我狗命！,,一级评论,5,12,2021/12/31 19:04
-星---雾-,女,要哭了，早八不想起，在宿舍看宋浩老师，因为去的人太少，结果数学老师查人了[大哭],,一级评论,2,12,2021/12/29 10:54
老面包卷卷,女,兄弟们，后天考试了，之前还在笑评论的，现在小丑竟是我自己（这两天才开始看，真就一点不会）[大哭],,一级评论,6,12,2021/12/28 16:26
王辰灾玖,保密,明天考高数的有没有，来签个到[doge],,一级评论,6,12,2021/12/27 22:12
菲布理さま,保密,恐怖啊，任何时刻都有几百个人在看,,一级评论,6,12,2021/12/20 19:33
十一番卯之花,男,"明天考高数，还没学，怎么说
[doge]",,一级评论,5,12,2021/12/19 23:43
无尽の梦_,男,最近几天晚上都是几百人，xdm知道期末临近，但天色也不早了，早点休息吧，别伤着了身体，让我一个人承担这份痛苦吧，我还hol得住[藏狐],,一级评论,5,12,2021/12/16 23:51
我只想Sleep,男,"这部分笔记是通用的，可以看看
https://b23.tv/H6qSyG8",,一级评论,6,12,2021/11/26 21:44
夏至-微风,保密,山东财经只是个普通一本，却有这么强的老师，66666.,,一级评论,6,12,2021/10/18 20:42
凹回凹回凹回凹,女,宋老师的视频不知道要养活多少大学生,,一级评论,5,12,2021/10/10 19:45
Sheldon_Shaw,保密,强烈建议宋老师不要在《恋爱情感课》和《家庭关系课》里插播《高等数学》[抠鼻][抠鼻][抠鼻],,一级评论,5,12,2021/7/26 23:09
赞赞的猫头鹰,男,好家伙，你们在考试周凌晨两点和26人一起共同上过高数吗？[doge][doge][doge][doge],,一级评论,5,12,2021/7/6 2:02
暮夜i丶,男,播放量又开始涨了，看来大家期中考试时间差不多[OK],,一级评论,6,12,2021/4/26 20:52
boxxe,男,看了好多集了。在听完102集的小故事后确实有感而发，大三了也没什么成就，现在还在冰冷的图书馆里，想着那些离合别分，不知道能不能坚持下去，也不知道该说些什么，冰老鼠，谢谢你了。你的人生真是传奇辉煌，活出了我想要变成的模样。,,一级评论,6,12,2021/4/25 20:06
氵蓝色妖姬,男,在图书馆学习的朋友们，如果你旁边有一个同学，好像在看网课，还是数学网课，一会表情严肃，一会憋笑，一会眼神迷离，他可能在看宋老师的视频[doge],,一级评论,6,12,2021/4/2 22:30
百合凝香风自来,男,来自凌晨还在补课的人的忠告，各位平时上课好歹听听，不要像我一样考试前才来补习，早上就要考试了，我现在是真的学不完了[笑哭][笑哭][笑哭],,一级评论,6,12,2021/1/17 2:30
Fenrir69,保密,看完后唯一的感受就是，我们老师上课太粗糙速度太快，宋老师讲课太细太缓。但凡我老师上课速度慢一点点，我就不会挂成这鸟样。。。。一个月上完一本高数，我是沙b，我接受不了，所以我来找宋老师了[捂脸],,一级评论,6,12,2020/11/19 16:41
浅歌じ,男,上个课跟进了米奇妙妙屋一样，一堆“妙啊”,,一级评论,6,12,2020/11/18 18:39
狂拽酷炫貂炸天,保密,我做错了什么自会有法律惩罚我，为什么要用抖肩舞把我笑到半条命都没了？？？？[捂脸],,一级评论,6,12,2020/11/10 16:00
orangemilk12,保密,"你们都是我的同学，同学们好！！！
[OK]",,一级评论,5,12,2020/3/22 20:51
这是我花六硬币改的名,女,高考只是决定你在哪个学校看宋浩罢了[doge],,一级评论,5,12,2024/11/6 18:56
落鲸湖Q,保密,出来吧[脱单doge]1000多人，是不是和我一样听不懂大学老师讲的课来听宋老师的了[脱单doge][脱单doge][脱单doge],,一级评论,5,12,2024/9/9 19:08
账号已注销,保密,准大一，已经看完上册了[OK],,一级评论,0,12,2024/7/8 2:02
温jio斩华雄,保密,希望弹幕刷人名的都考不好，单纯的恶意，没有别的意思[给心心],,一级评论,5,15,2024/6/15 17:01
激昂菌菌_J,保密,"期末：61
黑子说话[tv_发怒]",,一级评论,3,12,2024/1/14 22:51
-晚晚可爱喵-,保密,大家怎么都不睡觉啊，是不喜欢吗？??,,一级评论,6,12,2024/1/3 1:31
加奈野野,保密,今天结束了我本科生涯的最后一堂课，也可能是学生生涯的最后一堂课，依然记得大一那会熬夜看宋老师的课，复习期末高数考试，最后以八十五分的低分通过，真的感谢宋浩老师。今晚特意看了一下宋浩老师这个课，凌晨一点依然有85位学弟学妹在奋苦熬战，希望学弟学妹们最后都能高分通过这棵树。明天可以睡个自然醒，中午起来去吃个饭，收拾一下去图书馆。我终于要感受到那种感觉:终有一天我坐在图书馆里，不为考试，就看看自己喜欢看的书，或者写点自己喜欢的东西。,,一级评论,4,12,2024/1/3 1:09
服务狗先生,保密,没有人关心你是哪个学校，哪个专业[嗑瓜子],,一级评论,5,12,2023/10/30 16:26
潜水意大利煎饼,女,有些初中生不去学高中课程来看高数干什么，你都不确定未来会不会学[辣眼睛]还要发弹幕秀存在感呃呃呃呃呃呃呃呃,,一级评论,5,12,2023/10/17 15:39
追随星辰而去,男,"许多年后，宋浩老师的女儿拿着满分的数学试卷向他炫耀道:“爸爸我数学考了满分厉不厉害”
只见宋浩老师微微一笑说了句:“挺有意思挺有意思”（宋浩老师的最高评价[doge]）",,一级评论,4,12,2023/6/28 10:58
时光流过童心仍在,保密,卷成这个逼样子？,,一级评论,5,12,2023/6/27 0:52
豆豉滚两圈,保密,有人高考结束看，有人期末考前看,,一级评论,5,12,2023/6/14 1:16
#NAME?,男,现在是songhaobigduck时代[doge],,一级评论,4,12,2023/6/13 23:32
可可爱爱牧牧,保密,不是，哥们这都下学期期末了，还这么多人看，该不会有人像我一样一直划水现在盘古开天辟地搁这学吧[微笑],,一级评论,5,12,2023/6/7 18:20
AngeKeeley,男,见证破亿历史啦哇靠[脱单doge],,一级评论,5,12,2023/5/23 19:26
Bland_Youkzia蓝牙,男,即将到来的，全站第三个破亿的视频[tv_点赞],,一级评论,6,12,2023/4/17 20:18
最烦装逼的狗人,保密,日常泡在宋浩老师的网课里度过晚修233,,一级评论,5,12,2023/3/15 20:20
辛苦让我滚去学习,保密,数学93分上岸了   感谢老师[爱心][爱心][爱心],,一级评论,6,12,2023/2/26 14:31
甜美微笑爆杀,保密,《23.02.08》《1.1映射》《1000+人正在看》,,一级评论,3,12,2023/2/9 0:19
我是zzi,男,《2月8号》《1.1映射》,,一级评论,3,12,2023/2/8 20:24
降霄-,男,大一的同学加油，争取今年破亿[脱单doge],,一级评论,5,12,2023/1/12 9:19
天天喝椰奶,男,诸位也是考前预习来的吧[歪嘴],,一级评论,6,12,2022/12/14 17:17
木栯枝,男,高数真的是上课走神3分钟，就摸鱼一节课，啥也听不懂了,,一级评论,5,12,2022/11/24 10:56
千手扉间-official,男,"我开二倍速的姿态有多酷??
暂停看公式的样子就有多狼狈[辣眼睛]",,一级评论,5,12,2022/11/21 20:13
Andy的大哥,保密,每到大一开学，宋浩老师的视频就会多一大波播放量[doge][doge],,一级评论,6,12,2022/10/31 8:07
孔鸣百合,女,上着网课突然有人麦开了 传出了宋浩老师的声音 这种情况在我们班发生两次了[doge][doge],,一级评论,6,12,2022/5/21 17:35
闭嘴赢一半ya,保密,这个视频迟早破亿，宋老师下半辈子荣华富贵基本上就靠这个视频保证了[笑哭],,一级评论,6,12,2022/4/10 20:26
零灵落璃,女,高数上考了99，来还愿啦，谢谢老师，争取高数下也考95+,,一级评论,5,12,2022/3/2 21:15
桤木昭昭,男,卷死宿舍的五个儿子们[doge],,一级评论,6,12,2022/1/25 19:19
子木小憨包,男,宋老师戳我xp，应该没人发现吧[嗑瓜子][嗑瓜子],,一级评论,5,18,2022/5/6 18:44
mirag_e,女,高考刚出分没几天，今天开始学高数,,一级评论,4,11,2024/6/27 10:53
沒有童話,保密,你们搁这女娲补天呢？[脱单doge],,一级评论,5,12,2023/2/8 22:38
阳光开朗老白沙,男,??是、是的…?我想写考研数学！我真的要写很多我的考研数学！命题组大人???给我…好想要…想要看到考研数学卷子…?呜呜、不行了，我已经变成写不到考研数学就不行的笨蛋了……啊啊?好喜欢?更多的、可爱的数学题…是、哪怕有模拟卷也会觉得不够，什么时候都想要写好多好多数学题，除了写数学题已经什么都想不了了……??,,一级评论,5,22,2021/11/29 11:11
祈木星野,男,弹幕少发点xx学校xx专业，xxx别卷了，我们来这里是来学习而不是来找归属感的,,一级评论,6,12,2022/12/6 20:16
凶残的昂昂,保密,宋老师你赔我笔记[大哭][大哭][大哭][大哭][大哭][大哭][大哭][大哭],,一级评论,4,5,2024/11/18 16:34
半終止,男,"1.积化和差:积化和差得和差，余弦在后要相加，异名相乘得正弦，正弦相乘取负号.
2.和差化积:正加正，正在前;正减正，余在前;余加余，余并肩；余减余，负正...",,一级评论,5,5,2024/10/26 16:36
是咖啡哥,保密,怀念那段时光[脸红],,一级评论,6,5,2024/8/14 13:10
胤睿jy,保密,@?(?????)?7/22,,一级评论,4,5,2024/7/22 21:24
思与在,男,高等数学第七章空间解析几何归纳,,一级评论,5,5,2024/5/24 22:04
星辰绝念,保密,2024年5·16/00:58分只有宋浩视频出现类VR异常,,一级评论,5,5,2024/5/16 0:58
乔西奈儿,保密,铁铁们好好看，这个是价值约500w的视频[脱单doge][脱单doge][脱单doge],,一级评论,4,5,2024/5/3 16:37
哑顔,男,“宋浩大帝的即兴发挥”,,一级评论,5,5,2024/3/10 18:47
l阿尔托莉雅l,男,宋浩老师，我爱你[大哭][大哭],,一级评论,6,5,2024/1/19 19:55
小布丁历险记,保密,24年了,,一级评论,2,5,2024/1/7 13:29
亾嵇-,保密,劳斯好可爱啊啊啊[tv_可爱],,一级评论,4,5,2023/12/24 19:27
死鬼学长,保密,上册笔记更完??,,一级评论,4,5,2023/12/13 18:46
太阳当空赵ZZT,保密,用哈利波特来解释一下冰老鼠,,一级评论,2,5,2023/12/13 17:26
无与之晏,保密,咦！,,一级评论,3,5,2023/11/30 22:27
コインのない美琴,保密,嗯~~,,一级评论,4,5,2023/10/23 13:49
潜水意大利煎饼,女,有些初中生不去学高中课程来看高数干什么，你都不确定未来会不会学[辣眼睛]还要发弹幕秀存在感呃呃呃呃呃呃呃呃,,一级评论,5,12,2023/10/17 15:39
沈航第一深情a,保密,卧槽你来了,,一级评论,2,5,2023/10/16 19:15
你の小青,女,"隐函数求导公式 一个方程的情形
dy/dx＝（－dF/dx）/(dF/dy)
①符号为负
②x上y下，交错对应
在求高阶隐函数倒数时，往往会采取逐步的方式...",,一级评论,5,5,2023/6/27 21:34
还没恰饭,男,"2023.06.19
正项级数（二）22:15",,一级评论,5,5,2023/6/19 12:05
灰彩红,男,[tv_色],,一级评论,6,5,2023/6/8 10:14
改昵称想中奖的屑,保密,哈哈哈??,,一级评论,5,5,2023/6/1 17:49
IsPlutolonely,保密,本来戴着口罩还不太敢认，一脱衣服一下就熟悉了[给心心][给心心],,一级评论,5,5,2023/5/27 19:44
囗冢,女,"直线向量的夹角，取锐角
对称式，xyz后减的为那个点，分母为方向向量
（板书1）
直线与平面等我夹角，直线与投影的夹角",,一级评论,6,5,2023/5/27 15:40
domoma_,保密,我发布了一篇笔记，快来看看吧~,,一级评论,6,5,2023/5/14 17:18
Love゛Rikka,男,[热词系列_仙人指路][热词系列_仙人指路][热词系列_仙人指路],,一级评论,5,5,2023/5/5 15:15
猫娘不好吸,男,46:36:00,,一级评论,5,5,2023/4/10 11:52
清澄且愉悦,男,"p99
01:22 
p96
29:54 记得回来补

00:02 00:01 

01:13:11 摄像头歪未看完
00:10 

00:44 18:3...",,一级评论,5,5,2023/3/31 11:50
予刃,保密,"朋友们，为什么那个例子dx2-3的不定积分是x2-3+c，不是x啊？
d后面到底代表的是什么啊？",,一级评论,5,5,2023/2/20 20:24
在变硬核的阿曦,男,"有理函数的积分：
有理分式：
我们可以让M<N一直保持住：以下讨论均处于
M<N情况下：
1.最简单的模式：利用换元积分法即可
2.分母能够进行因式分解
...",,一级评论,5,5,2022/12/7 16:15
sunshine干嘛了,保密,"P1-30 记录知识点，例题是跟着做的，所以没多少。

（凑到100字专用凑到100字专用凑到100字专用凑到100字专用凑到100字专用凑到100字专用...",,一级评论,6,5,2022/12/4 11:48
让学习放过我,保密,为什么不可以拍照或上传照片啊(>﹏<)，我为清晰没有写在书上，专门找了个本子，结果…,,一级评论,4,5,2022/12/3 14:52
Akuma_zip,保密,d的里面可以任意加减常数！,,一级评论,6,5,2022/11/16 19:56
进击的伊伊安,保密,我发布了一篇笔记，快来看看吧~,,一级评论,4,5,2022/11/7 23:31
素人渔夫_,女,记录15:56，。。。。。。。。,,一级评论,5,5,2022/10/25 23:06
中奖率up,保密,"我想知道，为什么有些nt老是发人名，学校什么乱七八糟的，是来上课还是来玩的？
[呲牙]",,一级评论,6,22,2022/6/18 22:41
待灯火阑珊之时,保密,寒假卷王来了！,,一级评论,6,14,2022/1/18 10:43
匿名用户_hndgnsgns,保密,在弹幕里面刷找对象找女朋友的我实在是搞不懂你在想什么东西，这是学高数的视频不是拿来给你散发求偶信号的，可长点心吧[OK],,一级评论,6,14,2021/4/25 0:09
芜湖航空航天大学,保密,兄弟们，我寒假闲的没事，有数学不会的可以问我,,一级评论,5,16,2022/1/22 16:28
李小胖伯乐,保密,"通用洋葱法则：
y=e的（最外层×ln最里层） 
如视频截图（sinx最里层，cosx平方最外层）
答案就为
e的（cosx平方*ln sinx）
然后就...",,一级评论,2,5,2022/10/2 14:37
puipuid,保密,明早考高数 考前拜一拜亲爱的宋浩老师[奋斗][奋斗][奋斗],,一级评论,6,8,2022/1/9 23:03
苦茗Wisteria,保密,快考试了，来预习了[捂眼],,一级评论,6,8,2021/12/25 6:09
穆诺月,保密,认真的问一下，学《医药高等数学》的医学生可以使用宋浩老师的课程吗？好喜欢宋浩老师讲课。[呲牙],,一级评论,5,8,2021/10/21 20:50
bili_400894823,保密,这弹幕风气难评价[幻想乡的日常 第1弹_麻],,一级评论,5,5,2024/11/28 17:21
iTheChainsmokers,男,汉东大学高育良报道,,一级评论,4,8,2024/8/9 18:35
魔法少女Luna,保密,高数挂了…我来了,,一级评论,5,8,2020/2/4 11:47
红富士猫,保密,到底是哪些准大一在学,,一级评论,5,8,2024/7/10 10:37
24一D,女,来不及了[tv_思考][tv_思考][tv_思考],,一级评论,6,8,2024/6/20 19:18
贝可爸爸,男,49岁大叔，重新学习高数，重温大学时候高数学习时光,,一级评论,3,8,2024/3/23 21:51
归宁宁宁,保密,1月8号高数期末考，不挂不挂平安过，拜拜宋老师,,一级评论,4,8,2023/12/27 15:27
阿蒂尼小孔雀的枸,保密,冷知识，没人关心你叫什么名字也没人在意现在多少号[微笑][微笑],,一级评论,5,8,2023/11/1 11:40
蓝色拼图人生,男,刚上大一有点迷茫，有没有大佬给点建议[脱单doge],,一级评论,5,8,2023/10/8 21:22
磕死我算乐,女,一千多个人一起看[灵魂出窍]都是跟我一样上高数课听不懂于是决定在教室看网课吗[撇嘴],,一级评论,5,8,2023/9/25 8:30
小猫喵呜叫,保密,看到弹幕有同学不知道为啥epsilon取b-a/2，其实这不是魔法和做老师的直觉，是你通过分析，直接取出一个具体的epsilon代到不等式里推出矛盾，反证法的妙就妙，在有矛盾，那假设就不成立（写了这段话也是方便我自己理解如何证明唯一性，希望和大家一起交流，下面是我的一些分析）,,一级评论,5,8,2023/9/23 18:26
一只快乐的小泛泛,女,傅里叶级数在哪啊[大哭],,一级评论,5,8,2023/6/24 19:46
兜里没糖n,保密,第一次看到过亿的视频，b友还是爱学习啊??,,一级评论,5,8,2023/6/19 0:59
您请走着桥_,保密,很好，上学期学的已经忘了[灵魂出窍],,一级评论,6,8,2023/5/22 20:19
鼠鼠我啊就是喜欢生活,女,真的很感动，我跟着宋浩老师学完了高数和线代，老师不仅课程讲得很好，平时穿插的故事也很有意思。他是真正拉进了和学生的距离。虽然我只是线上云上课，却也有在教室里听宋老师讲课的感觉。我喜欢打开弹幕，看各位b大校友们的发言[doge]，热梗也是为课程增添了一份生气。我对于宋浩老师的求学经历非常感动，也觉得感同身受，看到一条弹幕：“行者何惧山高路远，志者终将水到渠成。”其此之谓乎。[打call][打call]高数完结撒花，但是内心复杂，永远感激宋mouse的课程，真的很妙，是他让我又一次体悟数学的魅力。求学之路不止，我们未来可期。,,一级评论,5,8,2023/5/22 11:31
洗漾漾,保密,耶耶耶破亿了 将来还会是两亿三亿甚至更多 感谢宋浩老师不敢相信没有宋老师高数该咋办[星星眼][星星眼][星星眼],,一级评论,4,8,2023/5/17 11:18
账号已注销,保密,期末了 要预习了,,一级评论,0,8,2023/5/16 19:06
咻嘟噜嘀哩哒,保密,大家加把劲儿，争取今年破一亿[打call][打call],,一级评论,6,8,2023/5/1 21:20
-清晨温酒-,保密,视频播放量快要破亿啦！！！我刚看的时候还是七千多万来着[doge],,一级评论,4,8,2023/4/16 10:21
橘猫开拖拉机,女,刷人名的，表白的，刷学校的 是油大病么[辣眼睛],,一级评论,6,14,2023/3/28 20:05
Clover琪iii,女,笑鼠，不是讲的不好，是我根本学不会??????,,一级评论,4,8,2023/3/1 16:55
V我五十元,保密,家人们，血泪教训一定要好好上高数,,一级评论,4,8,2023/2/28 13:19
野草莽,保密,[吃瓜]挂了三次，今年大四跟宋浩老师学了两个月，结果是线上考试，顺利拿下90分,,一级评论,6,8,2023/2/2 16:10
江湫辞,保密,13号考试，现在开始算晚吗[脱单doge],,一级评论,4,8,2023/1/30 13:24
是小熙吖a,保密,高数挂了啊啊啊啊啊啊，好痛苦，补考没有平时分更加过不了了，不想重修555,,一级评论,5,8,2022/12/31 16:07
峨眉山伯爵114514,女,三周学三个月的课好令人着迷,,一级评论,5,8,2022/12/7 17:49
莫负旧时忆,女,今天上课的时候收拾行李准备润没听课[tv_大哭][tv_大哭][tv_大哭][tv_大哭][tv_大哭],,一级评论,5,8,2022/11/30 21:28
酩翎天下,保密,看的时候无数次感叹没有宋老师怎么办呜呜呜，感觉自己学习能力好弱啊其他同学能听懂我们老师讲课我听不懂[大哭][大哭],,一级评论,5,8,2022/10/22 14:17
Msanre,保密,高数b看完撒花[保卫萝卜_笔芯][保卫萝卜_笔芯][保卫萝卜_笔芯]，转专业加油！[打call][打call],,一级评论,6,8,2022/10/17 19:59
思念葬于黎明,男,高数学完之后请给我颁发哔哩哔哩大学宋浩高数毕业证书[脱单doge],,一级评论,5,8,2022/10/15 18:03
てんかい天槐瑟斜,女,孩子高数上课听不懂寄了，前来补习,,一级评论,6,8,2022/10/10 19:39
カオスっ,女,我们高数老师讲的像一坨史 以后上课就靠宋老师了,,一级评论,6,8,2022/10/4 22:45
_線香花火_,保密,还是很想吐槽一下，为什么这么多刷学校和别人名字的……我看视频开弹幕是想看大伙的字幕和解析思路的，不是来看你乱刷的[张AiNi和老E_无语],,一级评论,6,8,2022/9/23 7:08
PKU---,女,大学老师花了100分钟直接讲到了极限我真的服了，大学第一堂高数就开晕，感谢浩浩老师救我狗命[给心心][给心心],,一级评论,5,8,2022/9/20 14:42
刑眸,女,蹲一个和我学高数的小白，最好是课后有不会的题阔以交流一下。[笑哭][笑哭][笑哭],,一级评论,4,8,2022/9/13 8:30
我好混沌啊,保密,大一开学我就是小天才了[脱单doge],,一级评论,5,8,2022/7/15 15:56
葛书弦,保密,考证当毕业12年边工作边带娃边跟着宋老师学习，感谢宋老师的视频分享，大学时都不知道高数老师讲了啥[笑哭]，刷完了高数，下一步进攻线代，概率论统计，为自己加油！,,一级评论,3,8,2022/2/6 12:23
e往無前釜山行,男,3号考，临时抱佛脚[Cat2_Boom!],,一级评论,6,11,2022/1/1 19:04
雪殇之梦,保密,现在一点整，从六点开始看，看到洛必达，还有七个小时考试，加油，把视频看完掉[奋斗][奋斗][奋斗],,一级评论,5,11,2021/12/28 1:03
天天天慢慢慢吃吃吃,保密,下午考高数，保佑我吧[保佑],,一级评论,5,11,2021/12/22 11:31
狐-Mio,保密,刷人名的属实脑子有病,,一级评论,5,11,2021/11/24 20:09
我披上了真皮,保密,听了宋老师的课我才发现，并不是我太蠢了，而是我们高数老师太蠢了，md听我们高数老师的课就是浪费时间,,一级评论,5,11,2021/11/19 11:56
玩原神单身二十年,保密,"我们高数老师是这一届新上任的，就20来岁，上课直接照着PPT念，虽然人美声甜，但还是挡不住周公的女儿找我。
后来我遇到了真爱宋老师，有了宋老师的日夜陪伴，高数课我再也没认真听过。
期中考无论多卷的同学高数成绩都没我高，他们向我询问方法，后来的课堂的景象就是老师在台上自顾自讲，底下一堆人看宋老师。",,一级评论,6,11,2021/11/19 11:40
公孙懿熯,男,其实对自己老师不满意没必要吐槽，毕竟大学是自己选的，又不是人家老师的问题。,,一级评论,6,11,2021/11/3 20:00
努力学习-多多赚钱,保密,我一直以为，弹幕是大佬帮忙解释听不懂的地方，但一群人总是在说有没有人，什么专业，我就很是不理解，而且觉得很吵。学习也没必要偏偏要和别人一起学吧 （不喜勿喷）,,一级评论,6,11,2021/10/24 12:03
-YetYoung-,保密,"哔哩哔哩大学
世界一流大学A
校友遍布世界各地[脱单doge]",,一级评论,6,11,2021/9/13 23:24
天眼梦_,男,失恋了[无语]，来学高数转移注意力，干嘛非要和自己过不去，自己一个人多好，我属于国不属于家[奋斗],,一级评论,4,11,2021/8/31 22:52
不是很楠,男,兄弟们，在视频的后面好多人产生了矛盾！我把自己的理解说一下，老师第一次说:Rg<Df是没错的这里的Df=Y2，但是第二次说Df<Rg是为了满足复合映射X到Z，求顶！！！！！！！！,,一级评论,5,11,2021/8/23 21:22
湿哒哒云,女,卷过头了，弹幕还有大量的初中生[辣眼睛]，真要学习还好，但学去只是为了装b就别学了，并且你提前学很多能熟练运用还好，不然别人不会崇拜你，反而把你当傻子[捂脸][捂脸],,一级评论,5,11,2021/8/23 13:30
南山南空蝉冷落黄昏后,保密,我来还愿了，四天刷完高数下，过了！[妙啊][妙啊],,一级评论,4,11,2021/6/30 1:41
小鸟游蘭珊,男,520我还在恶补数学我哭了[热词系列_我裂开了],,一级评论,6,11,2021/5/20 22:45
iLoner原创菌,保密,"关于三重积分密度均不均匀的理解我说一说我自己的看法。
一重积分是把一元函数积成体积，但是一元函数其实是处于二维空间（自变量，因变量），当一元函数恒等于常数的时间，我们可以直接认为积分结果就是积分长度乘该常数，这就是我们正常长乘高求面积的原理，假定这个“长度”（x)在“高度”(y)上是均匀的。同理二重积分，其实二元函数处于三维空间，体积就可以看成从底面积（积分区域）一层一层膜叠起来形成的三维形体。而当我们直接底面积乘高求体积的时候是假定“膜”在高度上是均匀的，然而实际上这个膜可能是弯曲的，按照二元函数的形状拉伸的，所以要如此积分才可以解决。类推下来其实三重积分处于四维空间，在第四空间维度等于定值的时候，我们可以直接求出来这个结果，就是体积在某个我们无法理解的方向上进行积分。就如同二重积分一样，只是二重积分出的体积约等于叠起来的二维膜，三重积分就是叠起来的三维体。如果第四维度的值恒为1，那等于我叠了一个体，得到的结果就是体积，但是如果第四维度的值不恒定，不均匀，那也就意味着我堆叠体的时候，体也会按照规律拉伸，映射，所以我所得的三重积分不能单纯的按照体积乘以某个数来计算。
这里就是我的看法，三重积分所得的本质是四维空间的体积，不过当我们把第四个空间维度看作是质量的分布的话（每一个三维的点可以确定一个密度数值），那么三重积分所得就是该三维立体的质量。",,一级评论,6,11,2021/5/18 10:03
定语从句I,男,刚才查了成绩，补考过了，谢谢宋老师[脱单doge][脱单doge][脱单doge],,一级评论,6,11,2021/4/22 23:47
改名改晚了,男,补考的同志你们好[doge],,一级评论,6,11,2021/3/16 19:18
富婆且做梦23,保密,补考的来了,,一级评论,3,11,2021/3/2 18:27
雷子量黄米,男,看完了，刚好突破1000万，比美国人数涨的都快，宋浩永远的神[喜欢],,一级评论,5,11,2020/12/3 21:22
狂劍王艾莉丝,男,经典的期末上热搜环节   我推荐在座各位急着期末考试的搜猴博士,,一级评论,6,11,2020/11/27 10:12
丧心病狂陈老稀,保密,弹幕里刷xxx别学了的是真的没意思,,一级评论,6,11,2020/11/16 8:17
不是懂王,保密,33岁考研的路过,,一级评论,5,11,2020/7/2 13:28
Replacer7,保密,听了老师的课 我觉得我仿佛可以学懂高数了[tv_doge],,一级评论,6,11,2020/5/14 22:42
将个烂就-打脸,男,我从来没有听过我们数学老师的课，一直在B站学,,一级评论,6,11,2020/5/11 11:28
惜-拾,女,这视频真是不管啥时候来都有人[笑哭],,一级评论,4,8,2024/11/20 20:19
PresonChan,男,早八上高数的又听不懂的孩子啊[大哭],,一级评论,5,11,2024/10/14 8:33
小黑子无鸡脚,保密,真服了，发弹幕回答或提问题算了。一直发別卷了跟实名观看的真的在好好学吗？看个网课唯一作用就是感动自己吗？[翻白眼],,一级评论,5,11,2024/9/26 18:56
nafdhrudbd,保密,2024届集合,,一级评论,4,11,2024/7/8 20:32
STitanCAT,保密,没有自制力，挂了，补考是最后的机会了[无语],,一级评论,5,11,2024/1/20 13:42
?由比ヶ浜結衣,保密,圣诞快乐还在刷题的小伙伴们[打call],,一级评论,5,11,2023/12/25 0:01
胧鱼儿,保密,2023.12.11  新乡因下大雪而上网课,,一级评论,3,11,2023/12/11 8:48
天灵lin,保密,我真的受不了了，为什么要发自己的学校啊。经常挡住那些有用的评论，害得我关也不是，不关也不是。没有人会对你考上了什么学校感兴趣，拜托别暴露欲那么强行吗？,,一级评论,5,11,2023/10/19 20:40
_诗晴_,女,各位大一的同学们，在学习高数的过程中，你们是否有过迷茫？有时，听课听不懂，解题解不出，作为大一新生，我也有同感。所以，我想建一个“大一高数交流群”（QQ群），希望大家可以在学习高数的道路上互帮互助，共同进步！有没有一起的同学呀？也期待各路数学大佬的加入！[打call],,一级评论,5,11,2023/10/17 20:44
Yeji的圈外男友,保密,中秋国庆你也卷？[脱单doge],,一级评论,5,11,2023/9/30 21:16
放肆的内涵,保密,高考之后开卷,,一级评论,4,11,2023/6/11 12:10
三月爱吃萄,保密,总不可能今天高考结束就有人开始预习吧[doge],,一级评论,5,11,2023/6/8 21:48
喵喵再见,保密,无意中点进来，想起来我刚上大学那会数学底子还挺好，大一还参加学校建模呢。大二的时候自己在上高数的时候学到导数之后就睡觉了，从此之后我终于体验到课堂听不懂课是什么感觉了。高数老师是位老太太临近退休，她上课讲得真的很好，全讲干货，对于我们这些忙考试的人说只要你期末考试写上几个公式我就给你及格，也确实如此。我还记得她说同济五版是唯一没有错误的版本，之前和之后的版本都有错误。我已经毕业多年，既是从小恐数学的我，高中都没感觉有一点难，大学时候还是要多多学习的，课堂上耽误的时间，课外有时候是补不回来的。,,一级评论,6,11,2023/5/12 15:00
红烧肥肉蛋,保密,不是所有人永远学高数 但永远有人学高数,,一级评论,5,11,2023/5/12 12:19
爱音从小就很可爱,保密,破亿助攻,,一级评论,5,11,2023/4/25 11:35
禹楂添添,女,弹幕说闲话的怎么想的？真的很像未开智的卷毛狒狒,,一级评论,5,11,2023/4/4 11:58
Jerry的成长日记,保密,老师，你把离散数学也录了吧求你了,,一级评论,2,11,2023/3/21 10:46
名字被我吃了QAQ,男,"要考试了看不完怎么办？小技巧:视频无插件3倍变速：edge浏览器，按F12，更多选项卡-->控制台-->输入document.querySelector(""video"").playbackRate = 3
还可以改成1.75，2.25，2.5等等
支持0.02~16倍变速",,一级评论,6,11,2023/3/17 16:35
赖丽洁,保密,还愿，大一上学期数学4.5. 95分,,一级评论,4,11,2023/2/16 13:10
1955たなかゆうこ,男,情人节来补课[脸红],,一级评论,5,11,2023/2/14 16:08
流珩,保密,哭了，线上考试摄像头位置太严了，没有作弊。高数挂科了，2月11入开学，一周后补考，正在疯狂恶补[大哭],,一级评论,5,11,2023/2/9 18:26
风花邀,保密,"假，是提前放的。
试，是线上考的。
老师，是好说话的。
试题，是都能搜到的。
双机位，是形同虚设的。
成绩，是令人满意的。
假期，是丰富多彩的。
开学，是还有半个月的
[脱单doge][脱单doge][脱单doge]",,一级评论,4,11,2023/2/9 18:23
启动中的鸡煲,保密,现在还在看的是不是都快期末考试了[脱单doge],,一级评论,6,11,2023/2/8 17:00
灿灿爱喝柠乐,保密,宋老师我来还愿啦！我大一上期末高数考了全班第一！感谢宋老师！！！,,一级评论,5,11,2023/2/7 21:27
安得广厦_,女,弹幕能不能别刷名字专业学校啥的了，把有用的讨论露出来吧同学们……,,一级评论,5,8,2022/11/21 9:07
酒杯种葵,保密,不管凌晨一点，三点，五点，还是晚自习七点，八点，十点，这个视频有过只有一个人看的时候吗[微笑],,一级评论,4,11,2022/11/20 5:25
黑黑帅sss,保密,我想要直接套走宋老师脑中的所有知识[大哭][大哭],,一级评论,4,11,2022/11/18 10:59
爱の战士-,男,建议来学习的还是不要开弹幕了[热],,一级评论,6,11,2022/10/12 18:25
星星亮锦鲤,女,"上午上了高数之后的我[辣眼睛][辣眼睛]
宋老师，孩子以后就靠你了[OK]",,一级评论,5,11,2022/9/26 16:46
牧野曦霖,男,高考考完了就该学高数了[doge],,一级评论,6,11,2022/6/9 19:17
lwb-_-,保密,河南提前考试md,,一级评论,5,11,2022/5/20 20:30
伽玛aaaaaa,保密,补考看了10个小时，考了75，谢谢宋老师,,一级评论,5,11,2022/3/5 8:45
方小琳のHusband,男,我感觉，我有向量恐惧症。从高中到现在一直都有,,一级评论,6,11,2022/2/23 18:58
孤岛变电站,男,哈哈，看宋老师高数和线代，考研数学考了127，哈哈,,一级评论,5,11,2022/2/22 9:58
为什么一直不中奖呢,男,还有5天补考现在从头看还有救吗[大哭][大哭][大哭][大哭],,一级评论,5,11,2022/2/21 16:10
暴龙主任,男,数学挂了[呆][呆][呆],,一级评论,6,11,2022/2/6 20:43
百度输入法x,保密,"现在还有144人在看[脱单doge][脱单doge]
祝祝大家
幸福是可导的，
时间是可微的，
我对你的祝福是一致连续的！
是罗尔定理所不能证明的，是拉格朗日无法求导的，
是泰勒公式所不能展开的，
是二分法所不能逼近的，
记忆的曲线是上凸的，
思念的曲线是下凸的，
遗忘你的点是不存在的。
除夕祝大家
烦恼高阶无穷小，
好运连续且可导，
理想一定洛必达，
拉格朗日天天照，
生活不单调，道路不凸凹，
f'（心情）>0，
f''（好运）>0，
∑霉运→0，
lim快乐=＋∞",,一级评论,5,11,2022/2/1 0:44
SOS-NagatoYuki,保密,认真的？这么卷，2022年2月1日12点25 123人在卷,,一级评论,6,11,2022/2/1 0:25
-愈伤组织-,男,都2022年了还会有人翻宋浩老师的评论区吗[doge],,一级评论,5,30,2022/3/22 15:27
阿扶每天都在想死,保密,这个真的很适合高考完的准大一新生预习诶*罒▽罒*[脸红],,一级评论,5,10,2022/7/4 9:58
星座狐狸,保密,我觉得，一定有人和我一样，啥都没学，正在期末预习[脱单doge],,一级评论,5,10,2022/6/14 0:28
人为樱岛麻衣活,保密,老师是做什么工作的？,,一级评论,5,13,2021/12/30 17:09
狐狐老狮,保密,学习发弹幕edgnb你是什么东西,,一级评论,6,13,2021/11/8 16:24
永信科技,男,部分视频换成新版之后老师的笑容少了很多[大哭],,一级评论,5,13,2024/6/1 17:19
哦彼方,男,有下学期一起补考高数的吗，自己学习劲头不够，来个人一起激励下[大哭][大哭],,一级评论,3,13,2024/1/24 20:20
阿_Bin_,男,没人在意你卷不卷[疑惑][疑惑][疑惑]????,,一级评论,5,11,2023/5/29 9:11
拉多加湖签约钓手,男,啥时候更新啊，快死在多重积分上了555,,一级评论,6,13,2019/5/7 12:19
又是是是,保密,开学要考试，我来了[委屈][委屈][委屈][委屈],,一级评论,5,13,2023/2/1 9:18
杉梓晴辣,保密,补考大军即将到来[嗑瓜子],,一级评论,6,10,2022/1/18 10:02
账号已注销,保密,挂科人，集合！,,一级评论,0,10,2022/1/6 17:53
KNzxxx,保密,xdm，明天就考高数了，等我明天考完逝[大哭],,一级评论,5,10,2021/12/28 18:56
樊声Fansound,男,恶臭的弹幕[无语],,一级评论,6,11,2021/12/9 21:21
嘿吼哈嘿咕噜吧呗,保密,"学高数就学高数，看什么评论，别翻了，想挖宝藏是吧，恭喜你。
。
。
。
。
。
。
。
。
。
。
。
。
。
。
。
。
没有",,一级评论,5,10,2021/12/8 0:25
庭中望乐,保密,说实话我好烦有些弹幕说的哪哪报道，谁谁要认真听，我开弹幕是为了看大佬补充重点的，而不是看你们在这里报大学的，难道你们的入站考试白考了吗？？？？？[生气][生气][生气][生气][生气],,一级评论,6,10,2021/10/3 10:57
良笙爱学习,男,本人大一新生(计算机专业)，今天上了第一节高数课(同济大学 出版)，本来数学基础就不好，两大节课下来，老师讲的又快，愣是没听懂什么！有没有大佬指导一下，该怎么进行课后学习，辅导书什么的，救救孩子！[大哭][大哭],,一级评论,6,10,2021/9/17 17:50
喜欢我的段页式吗,保密,好特么难阿，又要考C语言，高数，还要考英语，大物，历史，石油工业，艹，太难了,,一级评论,6,10,2021/6/24 14:08
停云挽峫琊,保密,努力五天！我要上大二！,,一级评论,5,10,2021/6/23 3:14
#NAME?,保密,最后满屏的完结撒花给我整破防了，不知不觉已经看宋老师一学期了，感谢陪伴[哭泣][哭泣]祝宋老师端午安康,,一级评论,5,10,2021/6/14 19:52
肆嘉6,保密,"还有三个多小时考试！
祝福我自己吧！
加油！
目标：不挂科！
[OK][OK][OK]",,一级评论,2,10,2021/1/17 15:18
BLG-whzy,保密,我在高数课上看见旁边的同学看宋浩老师讲高数,,一级评论,6,10,2020/10/30 10:54
是白熊嘛ヽ,男,七夕前来学习高数[奋斗],,一级评论,6,10,2020/8/25 14:45
b0ck,保密,看视频学习千万不要开弹幕，弹幕太智障了,,一级评论,5,10,2020/7/29 17:22
Ynly,保密,本来想助眠，结果越看越精神，你赔我睡觉[微笑],,一级评论,5,10,2020/7/4 9:16
看到我请叫我刷实训,保密,宋老师是我线代的救命恩人！！！我上学期还在老师推荐的那个app(忘了叫啥 看完了知识点，我现在又来学高数了！！我爱宋老师！！！！！,,一级评论,5,10,2020/3/28 0:30
VanguardCN,男,如果当天有高数，那么当天晚自习整个教室清一色都在刷宋浩老师的课[笑哭],,一级评论,5,10,2024/10/9 20:35
梅琳娜の狗刀,保密,谁在意你那个大学？一整个视频不停想看看弹幕补充都不行？,,一级评论,3,10,2024/9/26 20:31
一只野生的开朗网友,保密,刚上大一，第一节课就学懵逼了。老师救我！[大哭],,一级评论,4,10,2024/9/24 9:57
咻咻咻唧吧唧,男,每次看见有人吗有有有的弹幕都很烦(?_?),,一级评论,6,10,2020/2/17 15:57
壹紫绫烊,男,B站播放量最高的视频[笑哭],,一级评论,4,10,2024/8/11 7:01
#NAME?,男,有高考完的学生听么,,一级评论,3,10,2024/6/19 12:27
波斯泥瓦匠卡西姆,男,有理函数的积分在哪？,,一级评论,6,10,2019/12/9 17:35
椰萝Yerosius,男,感谢宋老师，高考数学56，高数怕跟不上每节课上课之前都看您的视频预习，期末90[打call],,一级评论,4,10,2024/2/26 7:36
北深纳,保密,在座各位显然在为开学补考而竭尽心力吧[tv_鬼脸],,一级评论,5,10,2024/2/18 13:17
